Time,ameoba D 1 arcella1,ameoba D 1 nude ameba1,creeping type D 1 aspidisca1,creeping type D 1 trachelopylum1,free sweimming 1  lionutus1,free sweimming 1  paramecium1,stalked ciliate D 1  epistylis1,stalked ciliate D 1  vorticella1,stalked ciliate D 1  carchecium1,stalked ciliate D 1  tokophyra1,stalked ciliate D 1  podophyra1,stalked ciliate D 1  opercularia1,rotifer D 1 rotifer1,nematode D 1 1nematode,flagellate D 1 1peranema trich,flagellate D 1 1micro flagellates,worms D 1 1worms,D 1 1spirochaetes,Total Count- amoeba1,Total Count- Crawling Ciliates1,Total Count- Free swimming Ciliates1,Total Count- Stalked Ciliates1,Total Count- Rotifers1,Total Count- Worms1,Total Count- Spirochaetes1,Total Count- Flagellats1,Total Count- Free Bacteria1,Total Count- Filaments1,Filaments I 1 Nocardia111,Filaments I 1 Microthrix111,Filaments I 1 N. Limicola111,Filaments I 1 Thiothrix111,Filaments I 1 0041/0675 111,Filaments I 1 0092 111,Filaments I 1 1851 111,Filaments I 1 beggiatoa111,Filaments I 1 zoogloea111,ameoba D2 arcella2,ameoba D2 nude ameba2,creeping type D 2 aspidisca2,creeping type D 2 trachelopylum2,free sweimming 2  lionutus2,free sweimming 2  paramecium2,stalked ciliate D 2  epistylis2,stalked ciliate D 2  vorticella2,stalked ciliate D 2  carchecium2,stalked ciliate D 2  tokophyra2,stalked ciliate D 2  podophyra2,stalked ciliate D 2  opercularia2,rotifer D 2 rotifer2,nematode D 2 2nematode,flagellate D 2 2peranema trich,flagellate D 2 2micro flagellates,worms D 2 2worms,D 2 2spirochaetes,Total Count- amoeba2,Total Count- Crawling Ciliates2,Total Count- Free swimming Ciliates2,Total Count- Stalked Ciliates2,Total Count- Rotifers2,Total Count- Worms2,Total Count- Spirochaetes2,Total Count- Flagellats2,Total Count- Free Bacteria2,Total Count- Filaments2,Filaments I 2 Nocardia222,Filaments I 2 Microthrix222,Filaments I 2 N. Limicola222,Filaments I 2 Thiothrix222,Filaments I 2 0041/0675 222,Filaments I 2 0092 222,Filaments I 2 1851 222,Filaments I 2 beggiatoa222,Filaments I 2 zoogloea222,ameoba D 3 arcella3,ameoba D 3 nude ameba3,creeping type D 3 aspidisca3,creeping type D 3 trachelopylum3,free sweimming 3  lionutus3,free sweimming 3  paramecium3,stalked ciliate D 3  epistylis3,stalked ciliate D 3  vorticella3,stalked ciliate D 3  carchecium3,stalked ciliate D 3  tokophyra3,stalked ciliate D 3  podophyra3,stalked ciliate D 3  opercularia3,rotifer D 3 rotifer3,nematode D 3 3nematode,flagellate D 3 3peranema trich,flagellate D 3 3micro flagellates,worms D 3 3worms,D 3 3spirochaetes,Total Count- amoeba3,Total Count- Crawling Ciliates3,Total Count- Free swimming Ciliates3,Total Count- Stalked Ciliates3,Total Count- Rotifers3,Total Count- Worms3,Total Count- Spirochaetes3,Total Count- Flagellats3,Total Count- Free Bacteria3,Total Count- Filaments3,Filaments I 3 Nocardia333,Filaments I 3 Microthrix333,Filaments I 3 N. Limicola333,Filaments I 3 Thiothrix333,Filaments I 3 0041/0675 333,Filaments I 3 0092 333,Filaments I 3 1851 333,Filaments I 3 beggiatoa333,Filaments I 3 zoogloea333,ameoba D 4 arcella4,ameoba D 4 nude ameba4,creeping type D 4 aspidisca4,creeping type D 4 trachelopylum4,free sweimming 4  lionutus4,free sweimming 4  paramecium4,stalked ciliate D 4  epistylis4,stalked ciliate D 4  vorticella4,stalked ciliate D 4  carchecium4,stalked ciliate D 4  tokophyra4,stalked ciliate D 4  podophyra4,stalked ciliate D 4  opercularia4,rotifer D 4 rotifer4,nematode D 4 4nematode,flagellate D 4 4peranema trich,flagellate D 4 4micro flagellates,worms D 4 4worms,D 4 4spirochaetes,Total Count- amoeba4,Total Count- Crawling Ciliates4,Total Count- Free swimming Ciliates4,Total Count- Stalked Ciliates4,Total Count- Rotifers4,Total Count- Worms4,Total Count- Spirochaetes4,Total Count- Flagellats4,Total Count- Free Bacteria4,Total Count- Filaments4,Filaments I 4 Nocardia444,Filaments I 4 Microthrix444,Filaments I 4 N. Limicola444,Filaments I 4 Thiothrix444,Filaments I 4 0041/0675 444,Filaments I 4 0092 444,Filaments I 4 1851 444,Filaments I 4 beggiatoa444,Filaments I 4 zoogloea444
02/01/2018 07:00,5,2,8,1,2,0,4,17,1,0,0,2,18,0,0,0,0,10,7,9,2,24,18,0,10,0,0,6,,0,0,0,4,0,2,0,0,,,,,,,,,,,,,,,,,,,,,,,,,,,,,,,,,,,,,,,,,,,,,,,,,,,,,,,,,,,,,,,,,,,,,,,,,,,,,,,,,,,,,,,,,,,,,,,,,,,,,,,,,,,,,,,
08/01/2018 07:00,53,18,0,1,14,0,11,146,2,1,0,2,11,1,100,100,0,0,71,1,14,162,11,1,0,200,,,,,,,,,,,,,,,,,,,,,,,,,,,,,,,,,,,,,,,,,,,,,,,,,,,,,,,,,,,,,,,,,,,,,,,,,,,,,,,,,,,,,,46,10,2,0,22,0,1,25,0,0,1,0,12,10,50,50,0,0,56,2,22,27,12,10,0,100,,,,,,,,,,,
09/01/2018 00:00,,,,,,,,,,,,,,,,,,,,,,,,,,,,,,,,,,,,,,22,10,0,1,5,0,10,85,0,0,8,0,8,0,100,10,1,0,32,1,5,103,8,1,0,110,,,,,,,,,,,,,,,,,,,,,,,,,,,,,,,,,,,,,,,,,,,,,,,,,,,,,,,,,,,,,,,,,,,,,,,,,,,,,,,,,,,,,
18/01/2018 07:00,11,1,14,1,13,0,4,25,0,0,0,0,8,3,7,0,0,0,12,15,13,29,8,3,0,7,,,,,,,,,,,,,,,,,,,,,,,,,,,,,,,,,,,,,,,,,,,,,,,,,,,,,,,,,,,,,,,,,,,,,,,,,,,,,,,,,,,,,,,,,,,,,,,,,,,,,,,,,,,,,,,,,,,,,,,,,,
21/01/2018 07:00,14,0,,1,60,0,0,0,0,0,0,0,19,8,16,100,0,2,14,1,60,0,19,8,2,116,,,,,,,,,,,,,,,,,,,,,,,,,,,,,,,,,,,,,,,,,,,,,,,,,,,,,,,,,,,,,,,,,,,,,,,,,,,,,,,,,,,,,,,,,,,,,,,,,,,,,,,,,,,,,,,,,,,,,,,,,,
25/01/2018 07:00,5,1,9,0,46,0,2,31,1,0,0,0,24,8,5,4,0,0,6,9,46,34,24,8,0,9,,,,,,,,,,,,,,,,,,,,,,,,,,,,,,,,,,,,,,,,,,,,,,,,,,,,,,,,,,,,,,,,,,,,,,,,,,,,,,,,,,,,,,,,,,,,,,,,,,,,,,,,,,,,,,,,,,,,,,,,,,
30/01/2018 07:00,11,2,,1,28,1,5,55,2,0,0,0,21,1,3,50,0,0,13,1,29,62,21,1,0,53,,,,,,,,,,,,,,,,,,,,,,,,,,,,,,,,,,,,,,,,,,,,,,,,,,,,,,,,,,,,,,,,,,,,,,,,,,,,,,,,,,,,,,,,,,,,,,,,,,,,,,,,,,,,,,,,,,,,,,,,,,
01/02/2018 07:00,7,0,2,2,27,0,3,23,0,0,0,1,16,10,8,50,0,0,7,4,27,27,16,10,0,58,,,,,,,,,,,,,,,,,,,,,,,,,,,,,,,,,,,,,,,,,,,,,,,,,,,,,,,,,,,,,,,,,,,,,,,,,,,,,,,,,,,,,,,,,,,,,,,,,,,,,,,,,,,,,,,,,,,,,,,,,,
06/02/2018 07:00,18,0,4,0,28,0,7,40,1,0,0,2,26,4,3,0,0,10,18,4,28,50,26,4,10,3,,,,,,,,,,,,,,,,,,,,,,,,,,,,,,,,,,,,,,,,,,,,,,,,,,,,,,,,,,,,,,,,,,,,,,,,,,,,,,,,,,,,,,,,,,,,,,,,,,,,,,,,,,,,,,,,,,,,,,,,,,
07/02/2018 07:00,2,0,,1,5,1,30,62,6,0,0,4,13,0,0,0,0,0,2,1,6,102,13,0,0,0,,,,,,,,,,,,,,,,,,,,,,,,,,,,,,,,,,,,,,,,,,,,,,,,,,,,,,,,,,,,,,,,,,,,,,,,,,,,,,,,,,,,,,,,,,,,,,,,,,,,,,,,,,,,,,,,,,,,,,,,,,
14/02/2018 07:00,5,0,1,0,19,0,11,35,1,0,0,2,5,2,0,0,0,7,5,1,19,49,5,2,7,0,,,,,,,,,,,,,,,,,,,,,,,,,,,,,,,,,,,,,,,,,,,,,,,,,,,,,,,,,,,,,,,,,,,,,,,,,,,,,,,,,,,,,,,,,,,,,,,,,,,,,,,,,,,,,,,,,,,,,,,,,,
15/02/2018 07:00,7,1,,1,1,0,31,55,2,0,0,0,1,2,1,25,0,0,8,1,1,88,1,2,0,26,,,,,,,,,,,,,,,,,,,,,,,,,,,,,,,,,,,,,,,,,,,,,,,,,,,,,,,,,,,,,,,,,,,,,,,,,,,,,,,,,,,,,,,,,,,,,,,,,,,,,,,,,,,,,,,,,,,,,,,,,,
22/02/2018 07:00,11,18,6,2,13,4,6,25,1,3,0,0,7,6,1,50,0,3,29,8,17,35,7,6,3,51,,,,,,,,,,,,,,,,,,,,,,,,,,,,,,,,,,,,,,,,,,,,,,,,,,,,,,,,,,,,,,,,,,,,,,,,,,,,,,,,,,,,,,,,,,,,,,,,,,,,,,,,,,,,,,,,,,,,,,,,,,
26/02/2018 07:00,7,12,,1,53,2,3,0,0,0,1,0,4,20,0,50,0,0,19,1,55,4,4,20,0,50,,,,,,,,,,,,,,,,,,,,,,,,,,,,,,,,,,,,,,,,,,,,,,,,,,,,,,,,,,,,,,,,,,,,,,,,,,,,,,,,,,,,,,,,,,,,,,,,,,,,,,,,,,,,,,,,,,,,,,,,,,
04/03/2018 07:00,16,2,10,0,12,0,2,1,0,0,0,1,10,6,1,20,0,0,18,10,12,4,10,6,0,21,,,,,,,,,,,,,,,,,,,,,,,,,,,,,,,,,,,,,,,,,,,,,,,,,,,,,,,,,,,,,,,,,,,,,,,,,,,,,,,,,,,,,,,,,,,,,,,,,,,,,,,,,,,,,,,,,,,,,,,,,,
12/03/2018 07:00,,,,,,,,,,,,,,,,,,,,,,,,,,,,,,,,,,,,,,26,2,1,0,15,0,2,17,0,0,0,0,13,2,1,0,0,0,28,1,15,19,13,2,0,1,,7,,,3,,,1,3,,,,,,,,,,,,,,,,,,,,,,,,,,,,,,,,,,,,,,,,,,,,,,,,,,,,,,,,,,,,,,,,,,,,,,,,,,,,
13/03/2018 07:00,,,,,,,,,,,,,,,,,,,,,,,,,,,,,,,,,,,,,,,,,,,,,,,,,,,,,,,,,,,,,,,,,,,,,,,,,,,,,,,,,,,,,,,,,,,,,,,,,,,,,,,,,,,,,,,,16,3,0,0,21,0,7,115,0,0,0,0,18,0,1,0,0,0,19,0,21,122,18,0,0,1,,10,,,2,,3,,2,,3
14/03/2018 07:00,58,6,1,0,21,0,2,64,0,0,0,0,12,0,0,50,0,0,64,1,21,66,12,0,0,50,,6,,0,3,0,2,0,1,0,,,,,,,,,,,,,,,,,,,,,,,,,,,,,,,,,,,,,,,28,16,7,0,22,1,15,136,2,0,0,5,16,2,0,50,0,3,44,7,23,158,16,2,3,50,,5,,,2,,2,1,,,,,,,,,,,,,,,,,,,,,,,,,,,,,,,,,,,,,,,,
19/03/2018 07:00,,,,,,,,,,,,,,,,,,,,,,,,,,,,,,,,,,,,,,91,2,8,0,7,1,4,69,0,1,0,1,22,1,1,0,0,100,93,8,8,75,22,1,100,1,,8,,,3,,2,,3,,,,,,,,,,,,,,,,,,,,,,,,,,,,,,,,,,,,,,,,51,3,4,0,14,0,6,44,0,0,0,1,20,4,0,0,0,50,54,4,14,51,20,4,50,0,,9,,2,,,3,,2,,2
22/03/2018 07:00,88,2,3,0,9,0,11,90,1,0,0,1,25,2,0,10,0,50,90,3,9,103,25,2,50,10,,5,,0,3,0,2,0,0,0,,,,,,,,,,,,,,,,,,,,,,,,,,,,,,,,,,,,,,,70,3,0,0,11,0,0,10,0,0,0,1,20,2,0,0,0,10,73,0,11,11,20,2,10,0,,7,,,3,,1,,3,,,,,,,,,,,,,,,,,,,,,,,,,,,,,,,,,,,,,,,
11/04/2018 07:00,,,,,,,,,,,,,,,,,,,,,,,,,,,,,,,,,,,,,,16,3,3,0,10,3,4,70,0,0,0,0,29,1,0,35,0,50,19,3,13,74,29,1,50,35,0,13,3,4,,4,2,,,,,,,,,,,,,,,,,,,,,,,,,,,,,,,,,,,,,,,,,,10,8,2,0,12,0,7,37,0,0,0,0,26,4,0,40,0,15,18,2,12,44,26,4,15,40,0,,,,,,,,,,
23/04/2018 07:00,17,3,1,0,9,0,2,5,0,0,0,0,28,6,1,50,0,50,20,1,9,7,28,6,50,51,0,13,3,2,0,0,3,0,2,1,2,,,,,,,,,,,,,,,,,,,,,,,,,,,,,,,,,,,,,,4,4,1,1,7,0,0,1,0,0,0,0,25,5,0,30,0,3,8,2,7,1,25,5,3,30,0,11,3,,,,3,,2,1,2,,,,,,,,,,,,,,,,,,,,,,,,,,,,,,,,,,,,,
26/04/2018 07:00,,,,,,,,,,,,,,,,,,,,,,,,,,,,,,,,,,,,,,8,10,1,0,13,0,3,9,0,0,0,0,14,3,0,50,0,50,18,1,13,12,14,3,50,50,0,7,3,1,,,2,,,1,,,,,,,,,,,,,,,,,,,,,,,,,,,,,,,,,,,,,,,19,8,6,0,12,0,5,9,0,0,0,0,33,7,0,50,0,50,27,6,12,14,33,7,50,50,0,8,3,3,,,2,,,,0
01/05/2018 07:00,12,6,6,0,8,0,20,46,0,0,0,0,24,5,0,50,0,14,18,6,8,66,24,5,14,50,0,11,3,3,0,0,2,0,0,1,2,,,,,,,,,,,,,,,,,,,,,,,,,,,,,,,,,,,,,,,,,,,,,,,,,,,,,,,,,,,,,,,,,,,,,,,,,,,,,,,,,,,,,,,,,,,,,,,,,,,,,,,,,,,,,,,
10/05/2018 07:00,5,3,1,0,5,1,13,32,0,0,1,0,21,3,1,43,0,100,8,1,6,46,21,3,100,44,0,12,3,0,0,0,4,0,2,0,3,,,,,,,,,,,,,,,,,,,,,,,,,,,,,,,,,,,,,,,,,,,,,,,,,,,,,,,,,,,,,,,,,,,,,,,,,,,,,,,,,,,,,,,,,,,,,,,,,,,,,,,,,,,,,,,
16/05/2018 07:00,,,,,,,,,,,,,,,,,,,,,,,,,,,,,,,,,,,,,,10,55,0,0,7,1,6,3,0,0,2,0,5,2,0,25,0,5,65,0,8,11,5,2,5,25,0,9,3,2,,,3,,,1,,,,,,,,,,,,,,,,,,,,,,,,,,,,,,,,,,,,,,,10,90,0,0,10,2,3,14,0,0,1,0,16,1,1,50,0,30,100,0,12,18,16,1,30,51,0,13,3,,,,4,,2,1,3
17/05/2018 07:00,,,,,,,,,,,,,,,,,,,,,,,,,,,,,,,,,,,,,,,,,,,,,,,,,,,,,,,,,,,,,,,,,,,,,,,,,,,8,30,3,0,9,1,2,11,0,0,0,0,13,0,0,30,0,50,38,3,10,13,13,0,50,30,0,11,2,,,,4,,2,,3,,,,,,,,,,,,,,,,,,,,,,,,,,,,,,,,,,,,,
23/05/2018 07:00,5,2,5,0,3,2,10,40,0,0,0,1,8,0,1,25,0,100,7,5,5,51,8,0,100,26,0,9,2,0,0,0,4,0,0,0,3,,,,,,,,,,,,,,,,,,,,,,,,,,,,,,,,,,,,,,4,7,5,0,7,1,8,8,0,0,0,0,22,1,0,10,0,30,11,5,8,16,22,1,30,10,0,11,2,,,,4,,2,,3,,,,,,,,,,,,,,,,,,,,,,,,,,,,,,,,,,,,,
24/05/2018 07:00,,,,,,,,,,,,,,,,,,,,,,,,,,,,,,,,,,,,,,12,2,20,1,12,0,7,95,0,1,0,0,17,0,0,35,0,100,14,21,12,103,17,0,100,35,0,12,2,,,3,4,,3,,,,,,,,,,,,,,,,,,,,,,,,,,,,,,,,,,,,,,,,6,72,5,0,10,0,11,28,0,0,1,0,31,1,0,30,0,150,78,5,10,40,31,1,150,30,0,9,,,,,4,,2,,3
29/05/2018 07:00,7,3,4,0,13,0,7,95,0,3,0,0,21,2,1,30,0,100,10,4,13,105,21,2,100,31,0,13,2,2,0,0,4,0,2,0,3,,,,,,,,,,,,,,,,,,,,,,,,,,,,,,,,,,,,,,,,,,,,,,,,,,,,,,,,,,,,,,,,,,,,,,,,,,,,,,,,,,,,,,,,,,,,,,,,,,,,,,,,,,,,,,,
31/05/2018 07:00,,,,,,,,,,,,,,,,,,,,,,,,,,,,,,,,,,,,,,9,12,1,0,22,0,10,32,0,5,0,0,16,0,2,50,1,23,21,1,22,47,16,1,23,52,0,13,3,3,1,,3,,2,1,,7,27,8,0,5,0,9,25,0,1,0,1,26,2,0,100,0,100,34,8,5,36,26,2,100,100,0,12,3,2,1,1,3,,1,,1,,,,,,,,,,,,,,,,,,,,,,,,,,,,,,,,,,,,,
03/06/2018 07:00,8,4,1,0,19,0,5,22,0,2,0,5,17,0,0,50,0,7,12,1,19,34,17,0,7,50,0,11,3,3,0,0,2,0,1,1,1,,,,,,,,,,,,,,,,,,,,,,,,,,,,,,,,,,,,,,,,,,,,,,,,,,,,,,,,,,,,,,,,,,,,,,,,,,,,,,,,,,,,,,,,,,,,,,,,,,,,,,,,,,,,,,,
06/06/2018 07:00,,,,,,,,,,,,,,,,,,,,,,,,,,,,,,,,,,,,,,,,,,,,,,,,,,,,,,,,,,,,,,,,,,,,,,,,,,,5,6,8,1,15,0,15,61,0,5,0,0,35,0,1,15,0,100,11,9,15,81,35,0,100,16,0,11,2,,,,4,,,2,3,,,,,,,,,,,,,,,,,,,,,,,,,,,,,,,,,,,,,
07/06/2018 07:00,,,,,,,,,,,,,,,,,,,,,,,,,,,,,,,,,,,,,,3,11,5,0,6,0,9,58,0,1,0,0,29,0,0,50,0,50,14,5,6,68,29,0,50,50,0,8,2,2,,,3,,,1,,,,,,,,,,,,,,,,,,,,,,,,,,,,,,,,,,,,,,,,,,,,,,,,,,,,,,,,,,,,,,,,,,,,,,,,,,,
13/06/2018 07:00,,,,,,,,,,,,,,,,,,,,,,,,,,,,,,,,,,,,,,,,,,,,,,,,,,,,,,,,,,,,,,,,,,,,,,,,,,,,,,,,,,,,,,,,,,,,,,,,,,,,,,,,,,,,,,,,1,5,5,2,10,0,3,70,0,2,0,0,40,1,0,50,2,50,6,7,10,75,40,3,50,50,0,14,2,2,3,,3,,2,,2
14/06/2018 07:00,5,10,7,0,11,0,8,65,0,1,0,2,26,0,0,25,0,100,15,7,11,76,26,0,100,25,0,0,,,,,,,,,,,,,,,,,,,,,,,,,,,,,,,,,,,,,,,,,,,,,,,,,,,,,,,,,,,,,,,,,,,,,,,,,,,,,,,,,,,,,,,,,,,,,,,,,,,,,,,,,,,,,,,,,,,,,,,,
18/06/2018 07:00,,,,,,,,,,,,,,,,,,,,,,,,,,,,,,,,,,,,,,4,10,7,1,5,0,3,75,0,0,0,2,21,1,0,50,1,100,14,8,5,80,21,2,100,50,0,11,3,3,1,,2,,2,,,4,7,6,1,2,0,12,105,0,0,0,2,30,1,0,50,3,100,11,7,2,119,30,4,100,50,0,16,3,3,2,,3,,2,1,2,,,,,,,,,,,,,,,,,,,,,,,,,,,,,,,,,,,,,
20/06/2018 07:00,10,7,14,2,29,1,10,41,7,2,0,1,21,1,1,50,0,100,17,16,30,61,21,1,100,51,0,14,3,3,1,0,3,0,1,1,2,,,,,,,,,,,,,,,,,,,,,,,,,,,,,,,,,,,,,,,,,,,,,,,,,,,,,,,,,,,,,,,,,,,,,,,,,,,10,13,11,0,14,1,4,90,0,1,0,5,28,1,0,50,0,50,23,11,15,100,28,1,50,50,0,15,3,3,1,,3,,2,1,2
25/06/2018 07:00,,,,,,,,,,,,,,,,,,,,,,,,,,,,,,,,,,,,,,10,4,5,0,2,0,8,66,0,0,0,1,25,0,0,8,1,40,14,5,2,75,25,1,40,8,0,7,1,,,,4,,2,,,,,,,,,,,,,,,,,,,,,,,,,,,,,,,,,,,,,,,,,,,,,,,,,,,,,,,,,,,,,,,,,,,,,,,,,,,,
28/06/2018 07:00,13,4,8,0,12,0,12,82,0,0,1,2,15,0,0,20,2,150,17,8,12,97,15,2,150,20,0,13,1,0,0,2,4,0,2,1,3,,,,,,,,,,,,,,,,,,,,,,,,,,,,,,,,,,,,,,,,,,,,,,,,,,,,,,,,,,,,,,,,,,,,,,,,,,,3,2,10,0,5,0,11,147,0,0,0,2,15,0,0,10,3,30,5,10,5,160,15,3,30,10,0,10,0,,,,4,,3,,3
02/07/2018 07:00,,,,,,,,,,,,,,,,,,,,,,,,,,,,,,,,,,,,,,4,2,3,1,2,0,6,92,0,0,0,0,12,0,0,15,0,30,6,4,2,98,12,0,30,15,0,10,1,,3,,4,,2,,,,,,,,,,,,,,,,,,,,,,,,,,,,,,,,,,,,,,,,,,,,,,,,,,,,,,,,,,,,,,,,,,,,,,,,,,,,
04/07/2018 07:00,4,9,13,0,0,0,10,86,0,1,0,6,10,0,1,50,0,11,13,13,0,103,10,0,11,51,0,11,3,3,0,0,3,0,0,1,1,,,,,,,,,,,,,,,,,,,,,,,,,,,,,,,,,,,,,,,,,,,,,,,,,,,,,,,,,,,,,,,,,,,,,,,,,,,9,11,3,0,5,0,3,14,0,2,0,14,16,0,1,20,1,3,20,3,5,33,16,1,3,21,0,11,3,3,1,,1,,1,1,1
05/07/2018 07:00,,,,,,,,,,,,,,,,,,,,,,,,,,,,,,,,,,,,,,,,,,,,,,,,,,,,,,,,,,,,,,,,,,,,,,,,,,,12,16,4,0,7,0,13,43,2,0,0,4,21,0,0,20,6,3,28,4,7,62,21,6,3,20,0,11,3,2,,,2,,2,1,1,7,12,0,0,11,0,3,28,1,1,0,3,12,0,0,9,2,3,19,0,11,36,12,2,3,9,0,11,3,2,,,2,,2,1,1
09/07/2018 07:00,,,,,,,,,,,,,,,,,,,,,,,,,,,,,,,,,,,,,,5,7,10,0,11,0,7,70,0,2,0,0,13,1,7,30,0,150,12,10,11,79,13,1,150,37,0,10,2,,,,4,,3,1,,,,,,,,,,,,,,,,,,,,,,,,,,,,,,,,,,,,,,,10,16,5,1,2,0,6,27,1,1,0,0,16,0,2,10,0,20,26,6,2,35,16,0,20,12,0,5,0,,,,3,,,1,1
12/07/2018 07:00,7,11,7,0,13,0,10,53,0,1,0,2,18,0,1,100,0,200,18,7,13,66,18,0,200,101,0,10,2,2,0,0,4,0,1,0,1,,,,,,,,,,,,,,,,,,,,,,,,,,,,,,,,,,,,,,,,,,,,,,,,,,,,,,,,,,,,,,,,,,,,,,,,,,,16,17,1,1,12,2,10,11,2,1,0,0,10,0,0,2,0,1,33,2,14,24,10,0,1,2,0,5,0,1,,,3,,1,,
16/07/2018 07:00,,,,,,,,,,,,,,,,,,,,,,,,,,,,,,,,,,,,,,10,5,4,1,38,0,2,9,0,1,0,2,19,1,0,50,0,100,15,5,38,14,19,1,100,50,0,13,3,3,2,,4,,1,,,17,20,6,0,5,0,2,3,0,0,0,2,9,0,1,0,1,1,37,6,5,7,9,1,1,1,0,8,2,2,,,3,,,,1,,,,,,,,,,,,,,,,,,,,,,,,,,,,,,,,,,,,,
18/07/2018 07:00,12,6,20,1,25,1,7,43,0,0,0,0,17,1,3,100,0,17,18,21,26,50,17,1,17,103,0,12,2,2,1,0,3,2,1,0,1,,,,,,,,,,,,,,,,,,,,,,,,,,,,,,,,,,,,,,,,,,,,,,,,,,,,,,,,,,,,,,,,,,,,,,,,,,,,,,,,,,,,,,,,,,,,,,,,,,,,,,,,,,,,,,,
23/07/2018 07:00,,,,,,,,,,,,,,,,,,,,,,,,,,,,,,,,,,,,,,,,,,,,,,,,,,,,,,,,,,,,,,,,,,,,,,,,,,,8,5,1,1,7,1,7,30,0,0,0,0,11,0,0,2,0,0,13,2,8,37,11,0,0,2,0,10,2,2,,,3,,1,,2,,,,,,,,,,,,,,,,,,,,,,,,,,,,,,,,,,,,,
24/07/2018 07:00,,,,,,,,,,,,,,,,,,,,,,,,,,,,,,,,,,,,,,,,,,,,,,,,,,,,,,,,,,,,,,,,,,,,,,,,,,,,,,,,,,,,,,,,,,,,,,,,,,,,,,,,,,,,,,,,11,6,4,1,11,0,105,46,0,0,0,3,24,0,0,3,0,0,17,5,11,154,24,0,0,3,0,10,0,3,,,4,,2,,1
26/07/2018 07:00,,,,,,,,,,,,,,,,,,,,,,,,,,,,,,,,,,,,,,,,,,,,,,,,,,,,,,,,,,,,,,,,,,,,,,,,,,,7,8,10,0,7,0,145,44,0,0,0,0,21,1,0,10,0,1,15,10,7,189,21,1,1,10,0,11,0,3,,,4,,2,1,1,7,8,7,1,6,0,37,36,0,0,0,1,18,0,0,0,0,1,15,8,6,74,18,0,1,0,0,9,2,2,,,3,,1,,1
30/07/2018 07:00,,,,,,,,,,,,,,,,,,,,,,,,,,,,,,,,,,,,,,4,5,4,1,9,0,5,20,0,0,0,0,19,0,0,5,0,9,9,5,9,25,19,0,9,5,0,10,2,3,1,,3,,1,,,,,,,,,,,,,,,,,,,,,,,,,,,,,,,,,,,,,,,,12,5,1,1,6,0,94,35,0,0,0,0,21,0,0,0,0,0,17,2,6,129,21,0,0,0,0,12,2,3,,,4,,2,,1
02/08/2018 07:00,,,,,,,,,,,,,,,,,,,,,,,,,,,,,,,,,,,,,,,,,,,,,,,,,,,,,,,,,,,,,,,,,,,,,,,,,,,2,4,2,0,3,1,8,75,1,0,1,1,15,0,2,15,0,10,6,2,4,86,15,0,10,17,0,12,0,2,,2,4,,3,1,,,,,,,,,,,,,,,,,,,,,,,,,,,,,,,,,,,,,,
06/08/2018 07:00,,,,,,,,,,,,,,,,,,,,,,,,,,,,,,,,,,,,,,1,2,6,0,3,0,11,14,0,0,0,1,15,0,0,3,0,15,3,6,3,26,15,0,15,3,0,9,0,2,,,4,,2,1,,,,,,,,,,,,,,,,,,,,,,,,,,,,,,,,,,,,,,,3,4,4,0,3,0,5,85,0,0,1,0,9,0,3,100,0,100,7,4,3,91,9,0,100,103,0,13,0,2,,,4,,3,2,2
09/08/2018 07:00,4,29,5,0,9,0,3,39,0,0,1,2,9,0,2,8,0,50,33,5,9,45,9,0,50,10,0,13,0,0,0,2,4,0,3,2,2,,,,,,,,,,,,,,,,,,,,,,,,,,,,,,,,,,,,,,3,11,1,0,9,1,15,85,0,0,1,1,12,0,0,10,0,200,14,1,10,102,12,0,200,10,0,13,0,,,3,4,,3,1,2,,,,,,,,,,,,,,,,,,,,,,,,,,,,,,,,,,,,,
13/08/2018 07:00,,,,,,,,,,,,,,,,,,,,,,,,,,,,,,,,,,,,,,2,4,6,0,6,0,4,55,0,0,0,1,15,0,1,5,0,40,6,6,6,60,15,0,40,6,0,13,0,3,,,4,,4,2,,,,,,,,,,,,,,,,,,,,,,,,,,,,,,,,,,,,,,,1,3,3,1,1,0,5,37,0,1,12,1,12,0,2,7,0,200,4,4,1,56,12,0,200,9,0,15,0,2,,2,5,,4,2,
20/08/2018 07:00,,,,,,,,,,,,,,,,,,,,,,,,,,,,,,,,,,,,,,,,,,,,,,,,,,,,,,,,,,,,,,,,,,,,,,,,,,,6,25,6,0,0,0,1,21,0,0,1,3,29,0,0,7,1,250,31,6,0,26,29,1,250,7,0,13,1,,,,5,,4,1,2,,,,,,,,,,,,,,,,,,,,,,,,,,,,,,,,,,,,,
23/08/2018 07:00,,,,,,,,,,,,,,,,,,,,,,,,,,,,,,,,,,,,,,14,13,9,1,16,0,3,18,0,2,0,0,11,1,0,50,0,100,27,10,16,23,11,1,100,50,0,10,1,4,,,3,,2,,,,,,,,,,,,,,,,,,,,,,,,,,,,,,,,,,,,,,,,20,12,5,5,11,0,58,26,0,2,0,0,32,0,0,50,0,50,32,10,11,86,32,0,50,50,0,13,0,3,1,,3,,4,1,1
27/08/2018 07:00,11,11,7,1,11,1,25,29,0,0,0,2,19,0,1,3,0,34,22,8,12,56,19,0,34,4,0,,,,,,,,,,,,,,,,,,,,,,,,,,,,,,,,,,,,,,,,,,,,,,,,18,13,11,2,14,0,60,71,0,3,0,0,29,0,0,20,0,4,31,13,14,134,29,0,4,20,0,12,0,3,,,4,,4,1,,,,,,,,,,,,,,,,,,,,,,,,,,,,,,,,,,,,,,
02/09/2018 07:00,,,,,,,,,,,,,,,,,,,,,,,,,,,,,,,,,,,,,,15,6,5,0,4,0,31,31,0,5,0,0,22,0,0,4,0,50,21,5,4,67,22,0,50,4,0,9,0,2,,,4,,3,,,24,17,5,2,5,0,22,74,0,3,0,0,23,0,0,0,0,0,41,7,5,99,23,0,0,0,0,9,0,2,,,4,,3,,,17,16,3,3,7,0,70,48,0,1,0,0,25,0,1,50,0,8,33,6,7,119,25,0,8,51,0,8,0,2,,,3,,3,,
12/09/2018 07:00,,,,,,,,,,,,,,,,,,,,,,,,,,,,,,,,,,,,,,,,,,,,,,,,,,,,,,,,,,,,,,,,,,,,,,,,,,,36,28,1,0,5,0,20,7,0,0,0,0,24,0,0,0,0,3,64,1,5,27,24,0,3,0,0,7,0,3,,,2,,,1,1,,,,,,,,,,,,,,,,,,,,,,,,,,,,,,,,,,,,,
13/09/2018 07:00,17,12,2,3,13,0,19,26,0,5,0,0,16,0,0,0,0,5,29,5,13,50,16,0,5,0,0,8,0,2,0,0,3,0,2,1,0,,,,,,,,,,,,,,,,,,,,,,,,,,,,,,,,,,,,,,,,,,,,,,,,,,,,,,,,,,,,,,,,,,,,,,,,,,,43,34,4,0,10,1,10,16,0,0,0,0,49,1,0,3,0,3,77,4,11,26,49,1,3,3,0,8,0,3,,,3,,2,,
16/09/2018 07:00,24,9,6,1,18,0,45,22,0,0,0,0,8,0,0,50,0,12,33,7,18,67,8,0,12,50,0,11,1,3,0,0,3,0,2,1,1,,,,,,,,,,,,,,,,,,,,,,,,,,,,,,,,,,,,,,46,21,4,3,13,6,37,11,0,0,0,0,29,0,0,50,0,3,67,7,19,48,29,0,3,50,0,10,1,3,,,3,,2,,1,,,,,,,,,,,,,,,,,,,,,,,,,,,,,,,,,,,,,
17/09/2018 07:00,,,,,,,,,,,,,,,,,,,,,,,,,,,,,,,,,,,,,,24,22,4,1,4,1,100,28,0,0,0,0,10,0,0,50,0,10,46,5,5,128,10,0,10,50,0,12,1,3,1,1,3,,2,1,,,,,,,,,,,,,,,,,,,,,,,,,,,,,,,,,,,,,,,,,,,,,,,,,,,,,,,,,,,,,,,,,,,,,,,,,,,
02/10/2018 07:00,,,,,,,,,,,,,,,,,,,,,,,,,,,,,,,,,,,,,,11,14,4,4,32,1,25,7,0,3,0,0,13,1,8,50,0,50,25,8,33,35,13,1,50,58,0,12,1,3,,,3,,2,3,,,,,,,,,,,,,,,,,,,,,,,,,,,,,,,,,,,,,,,9,13,12,5,39,0,7,9,0,0,0,0,14,0,2,50,2,50,22,17,39,16,14,2,50,52,0,13,2,1,2,,3,,3,,2
03/10/2018 07:00,12,3,4,0,20,1,107,5,0,1,0,1,15,3,3,50,0,50,15,4,21,114,15,3,50,53,0,13,1,2,1,0,4,0,4,0,1,,,,,,,,,,,,,,,,,,,,,,,,,,,,,,,,,,,,,,12,11,8,1,24,0,7,13,0,0,0,0,7,0,5,50,0,0,23,9,24,20,7,0,0,55,0,14,2,1,1,,4,,4,,2,,,,,,,,,,,,,,,,,,,,,,,,,,,,,,,,,,,,,
07/10/2018 07:00,,,,,,,,,,,,,,,,,,,,,,,,,,,,,,,,,,,,,,8,14,3,0,8,0,78,17,0,0,0,0,9,0,0,50,0,50,22,3,8,95,9,0,50,50,0,12,2,3,,1,3,,2,1,,,,,,,,,,,,,,,,,,,,,,,,,,,,,,,,,,,,,,,4,20,2,1,5,1,41,52,0,0,0,0,15,0,1,50,1,50,24,3,6,93,15,1,50,51,0,9,0,1,1,,3,,2,1,1
11/10/2018 07:00,,,,,,,,,,,,,,,,,,,,,,,,,,,,,,,,,,,,,,6,7,3,1,17,0,5,31,0,5,0,0,7,0,3,100,0,0,13,4,17,41,7,0,0,103,0,13,2,2,1,,3,,3,2,,,,,,,,,,,,,,,,,,,,,,,,,,,,,,,,,,,,,,,,,,,,,,,,,,,,,,,,,,,,,,,,,,,,,,,,,,,
14/10/2018 07:00,5,16,4,3,17,0,5,12,0,1,0,0,14,0,30,50,0,50,21,7,17,18,14,0,50,80,0,13,2,1,1,0,4,0,3,1,1,,,,,,,,,,,,,,,,,,,,,,,,,,,,,,,,,,,,,,4,56,5,3,11,1,17,17,0,0,0,0,6,0,4,50,1,9,60,8,12,34,6,1,9,54,0,12,0,2,,,4,,3,1,2,,,,,,,,,,,,,,,,,,,,,,,,,,,,,,,,,,,,,
18/10/2018 07:00,,,,,,,,,,,,,,,,,,,,,,,,,,,,,,,,,,,,,,4,17,9,0,18,0,4,17,1,0,0,0,16,0,3,5,1,100,21,9,18,22,16,1,100,8,0,11,2,,,,4,,3,2,,,,,,,,,,,,,,,,,,,,,,,,,,,,,,,,,,,,,,,1,30,15,0,7,1,4,29,0,0,0,0,21,3,1,5,2,300,31,15,8,33,21,5,300,6,0,11,2,,,,4,,2,,3
23/10/2018 07:00,10,15,27,4,22,1,11,71,0,2,0,1,20,0,0,30,0,11,25,31,23,85,20,0,11,30,0,12,2,0,0,0,4,0,2,0,4,,,,,,,,,,,,,,,,,,,,,,,,,,,,,,,,,,,,,,8,0,8,2,9,0,5,47,0,3,0,0,13,0,1,20,1,5,8,10,9,55,13,1,5,21,0,13,2,,,,4,,2,1,4,,,,,,,,,,,,,,,,,,,,,,,,,,,,,,,,,,,,,
28/10/2018 07:00,,,,,,,,,,,,,,,,,,,,,,,,,,,,,,,,,,,,,,7,4,10,2,5,1,12,58,0,5,0,1,30,1,0,0,0,16,11,12,6,76,30,1,16,0,0,9,2,,,,4,,3,,,,,,,,,,,,,,,,,,,,,,,,,,,,,,,,,,,,,,,,9,1,15,2,13,2,8,36,0,0,0,2,6,0,0,20,3,150,10,17,15,46,6,3,150,20,0,12,2,,,,4,,2,,4
05/11/2018 07:00,31,1,13,0,5,0,4,25,0,4,0,0,14,0,2,5,0,7,32,13,5,33,14,0,7,7,0,12,1,2,1,0,3,1,2,1,1,,,,,,,,,,,,,,,,,,,,,,,,,,,,,,,,,,,,,,30,8,14,0,5,3,15,27,0,3,0,0,28,4,1,6,0,50,38,14,8,45,28,4,50,7,0,16,1,2,3,,4,,3,2,1,,,,,,,,,,,,,,,,,,,,,,,,,,,,,,,,,,,,,
08/11/2018 07:00,,,,,,,,,,,,,,,,,,,,,,,,,,,,,,,,,,,,,,59,3,29,0,13,0,3,18,0,4,0,0,19,2,1,30,0,30,62,29,13,25,19,2,30,31,0,7,1,,,,4,,2,,,,,,,,,,,,,,,,,,,,,,,,,,,,,,,,,,,,,,,,36,11,23,1,12,0,4,28,0,3,0,0,19,0,10,28,2,50,47,24,12,35,19,2,50,38,0,11,1,,,,4,,3,,3
12/11/2018 07:00,74,7,43,1,22,0,6,67,0,8,0,5,15,1,15,50,1,50,81,44,22,86,15,2,50,65,0,13,3,2,0,0,4,0,2,2,0,,,,,,,,,,,,,,,,,,,,,,,,,,,,,,,,,,,,,,30,10,4,1,20,1,4,66,0,8,0,5,11,0,5,0,2,0,40,5,21,83,11,2,0,5,0,15,3,3,2,,4,,2,,1,,,,,,,,,,,,,,,,,,,,,,,,,,,,,,,,,,,,,
15/11/2018 07:00,,,,,,,,,,,,,,,,,,,,,,,,,,,,,,,,,,,,,,,,,,,,,,,,,,,,,,,,,,,,,,,,,,,,,,,,,,,,,,,,,,,,,,,,,,,,,,,,,,,,,,,,,,,,,,,,43,11,1,1,20,0,7,62,0,31,0,5,17,0,1,100,4,100,54,2,20,105,17,4,100,101,0,13,0,3,,,4,,4,2,
19/11/2018 07:00,,,,,,,,,,,,,,,,,,,,,,,,,,,,,,,,,,,,,,90,7,3,2,31,0,5,84,0,28,0,9,16,1,23,100,0,100,97,5,31,126,16,1,100,123,0,13,4,2,2,,2,,2,1,,38,14,1,0,33,2,5,52,0,13,0,0,13,1,7,50,1,7,52,1,35,70,13,2,7,57,0,10,3,2,,,2,,2,1,,,,,,,,,,,,,,,,,,,,,,,,,,,,,,,,,,,,,,
22/11/2018 07:00,65,7,5,0,33,0,23,53,0,18,0,0,12,1,33,100,0,50,72,5,33,94,12,1,50,133,0,15,3,3,1,0,3,0,3,1,1,,,,,,,,,,,,,,,,,,,,,,,,,,,,,,,,,,,,,,,,,,,,,,,,,,,,,,,,,,,,,,,,,,,,,,,,,,,,,,,,,,,,,,,,,,,,,,,,,,,,,,,,,,,,,,,
03/12/2018 07:00,,,,,,,,,,,,,,,,,,,,,,,,,,,,,,,,,,,,,,9,6,0,0,11,0,30,147,0,13,0,0,11,1,23,50,0,50,15,0,11,190,11,1,50,73,0,11,4,2,,,2,,3,,,,,,,,,,,,,,,,,,,,,,,,,,,,,,,,,,,,,,,,10,3,5,0,18,1,23,148,0,6,0,0,12,3,21,50,12,50,13,5,19,177,12,15,50,71,0,11,3,2,,,2,,3,,1
09/12/2018 07:00,2,7,5,0,17,2,11,97,0,3,0,1,9,0,9,17,0,100,9,5,19,112,9,0,100,26,0,17,4,3,0,0,4,0,3,0,3,,,,,,,,,,,,,,,,,,,,,,,,,,,,,,,,,,,,,,,,,,,,,,,,,,,,,,,,,,,,,,,,,,,,,,,,,,,,,,,,,,,,,,,,,,,,,,,,,,,,,,,,,,,,,,,
10/12/2018 07:00,,,,,,,,,,,,,,,,,,,,,,,,,,,,,,,,,,,,,,,,,,,,,,,,,,,,,,,,,,,,,,,,,,,,,,,,,,,0,1,7,0,20,1,37,97,0,0,0,10,9,4,0,0,3,0,1,7,21,144,9,7,0,0,0,8,3,2,,,1,,,,2,,,,,,,,,,,,,,,,,,,,,,,,,,,,,,,,,,,,,
13/12/2018 07:00,,,,,,,,,,,,,,,,,,,,,,,,,,,,,,,,,,,,,,1,2,4,0,14,0,16,149,0,0,0,5,6,0,4,50,2,15,3,4,14,170,6,2,15,54,0,12,5,2,,,2,,2,1,,,,,,,,,,,,,,,,,,,,,,,,,,,,,,,,,,,,,,,6,4,10,1,23,0,55,40,0,2,0,0,12,17,23,20,4,20,10,11,23,97,12,21,20,43,0,11,3,2,,,3,,1,1,1
17/12/2018 07:00,0,5,9,0,9,1,12,222,0,1,0,1,6,0,9,5,1,400,5,9,10,236,6,1,400,14,0,17,4,0,0,3,4,0,3,0,3,,,,,,,,,,,,,,,,,,,,,,,,,,,,,,,,,,,,,,10,2,0,1,25,0,2,3,0,0,0,0,11,19,40,20,8,50,12,1,25,5,11,27,50,60,0,12,2,,,,4,,2,,4,,,,,,,,,,,,,,,,,,,,,,,,,,,,,,,,,,,,,
20/12/2018 07:00,,,,,,,,,,,,,,,,,,,,,,,,,,,,,,,,,,,,,,3,3,0,1,7,0,45,127,0,0,0,10,6,2,13,20,1,30,6,1,7,182,6,3,30,33,0,10,3,1,1,,2,,2,1,,,,,,,,,,,,,,,,,,,,,,,,,,,,,,,,,,,,,,,5,3,1,7,95,2,0,7,0,0,0,0,6,11,34,20,3,5,8,8,97,7,6,14,5,54,0,10,3,2,,,2,,1,1,1
22/12/2018 07:00,,,,,,,,,,,,,,,,,,,,,,,,,,,,,,,,,,,,,,,,,,,,,,,,,,,,,,,,,,,,,,,,,,,,,,,,,,,,,,,,,,,,,,,,,,,,,,,,,,,,,,,,,,,,,,,,36,18,5,0,16,2,17,89,0,18,0,0,12,0,40,50,4,50,54,5,18,124,12,4,50,90,0,12,4,2,1,,2,,2,1,
24/12/2018 07:00,9,7,9,0,32,0,30,52,3,0,0,6,9,7,26,50,0,40,16,9,32,91,9,7,40,76,0,13,2,3,0,0,3,0,3,1,1,,,,,,,,,,,,,,,,,,,,,,,,,,,,,,,,,,,,,,,,,,,,,,,,,,,,,,,,,,,,,,,,,,,,,,,,,,,,,,,,,,,,,,,,,,,,,,,,,,,,,,,,,,,,,,,
27/12/2018 07:00,,,,,,,,,,,,,,,,,,,,,,,,,,,,,,,,,,,,,,,,,,,,,,,,,,,,,,,,,,,,,,,,,,,,,,,,,,,24,10,14,0,203,1,46,50,0,0,0,0,16,8,11,15,1,2,34,14,204,96,16,9,2,26,0,13,3,3,,,3,,2,,2,,,,,,,,,,,,,,,,,,,,,,,,,,,,,,,,,,,,,
31/12/2018 07:00,11,20,8,2,67,2,0,0,0,0,0,0,8,11,32,49,0,105,31,10,69,0,8,11,105,81,0,10,3,2,0,0,2,0,3,0,0,,,,,,,,,,,,,,,,,,,,,,,,,,,,,,,,,,,,,,,,,,,,,,,,,,,,,,,,,,,,,,,,,,,,,,,,,,,24,9,8,0,33,0,175,280,0,0,0,0,10,2,4,28,2,0,33,8,33,455,10,4,0,32,0,12,4,3,,,3,,2,,
03/01/2019 07:00,,,,,,,,,,,,,,,,,,,,,,,,,,,,,,,,,,,,,,5,14,13,0,50,0,1,18,0,0,0,1,5,6,20,15,0,735,19,13,50,20,5,6,735,35,0,13,3,,,3,4,,3,,,18,8,3,0,33,0,3,220,0,0,0,0,13,0,3,15,0,70,26,3,33,223,13,0,70,18,0,18,3,,,3,4,,3,1,4,,,,,,,,,,,,,,,,,,,,,,,,,,,,,,,,,,,,,
10/01/2019 07:00,13,7,1,1,30,0,11,155,0,0,0,0,6,1,2,5,1,5,20,2,30,166,6,2,5,7,0,14,2,2,0,0,4,0,2,1,3,,,,,,,,,,,,,,,,,,,,,,,,,,,,,,,,,,,,,,,,,,,,,,,,,,,,,,,,,,,,,,,,,,,,,,,,,,,46,20,9,0,19,0,7,335,0,0,0,0,23,1,1,5,0,50,66,9,19,342,23,1,50,6,,,,,,,,,,,
14/01/2019 07:00,,,,,,,,,,,,,,,,,,,,,,,,,,,,,,,,,,,,,,16,12,5,0,10,1,7,183,0,0,0,0,8,5,1,102,0,5,28,5,11,190,8,5,5,103,0,8,2,2,,,4,,,,,80,25,0,3,38,0,11,118,0,0,0,0,34,1,0,100,0,0,105,3,38,129,34,1,0,100,0,11,3,,,,4,,,,4,,,,,,,,,,,,,,,,,,,,,,,,,,,,,,,,,,,,,
17/01/2019 07:00,53,21,5,4,42,0,41,240,0,0,0,0,11,1,1,720,0,0,74,9,42,281,11,1,0,721,0,11,4,1,1,,2,,1,,2,,,,,,,,,,,,,,,,,,,,,,,,,,,,,,,,,,,,,,,,,,,,,,,,,,,,,,,,,,,,,,,,,,,,,,,,,,,64,27,0,1,35,0,18,109,0,0,0,0,24,2,0,22,0,0,91,1,35,127,24,2,0,22,0,10,4,2,,,2,,1,1,
20/01/2019 07:00,,,,,,,,,,,,,,,,,,,,,,,,,,,,,,,,,,,,,,54,25,0,1,40,0,0,150,0,0,0,0,10,2,0,100,0,0,79,1,40,150,10,2,0,100,0,10,4,,,,4,,2,,,140,16,2,0,2,0,0,103,0,0,0,0,18,1,0,65,0,20,156,2,2,103,18,1,20,65,0,12,4,,,,4,,,,4,,,,,,,,,,,,,,,,,,,,,,,,,,,,,,,,,,,,,
24/01/2019 07:00,66,45,1,4,40,0,0,74,0,0,0,0,28,0,0,10,0,0,111,5,40,74,28,0,0,10,0,11,4,1,,,3,,1,,2,,,,,,,,,,,,,,,,,,,,,,,,,,,,,,,,,,,,,,,,,,,,,,,,,,,,,,,,,,,,,,,,,,,,,,,,,,,,,,,,,,,,,,,,,,,,,,,,,,,,,,,,,,,,,,,
28/01/2019 07:00,,,,,,,,,,,,,,,,,,,,,,,,,,,,,,,,,,,,,,32,49,23,3,41,0,0,41,0,1,0,0,5,0,0,27,0,0,81,26,41,42,5,0,0,27,0,11,4,2,,,3,,2,,,,,,,,,,,,,,,,,,,,,,,,,,,,,,,,,,,,,,,,50,53,19,0,66,6,10,21,0,0,0,0,19,0,0,23,1,0,103,19,72,31,19,1,0,23,0,8,4,1,,,2,,,,1
30/01/2019 07:00,43,29,25,1,55,0,19,63,0,2,0,0,21,0,0,44,0,2,72,26,55,84,21,0,2,44,0,10,4,1,,,2,,2,,1,,,,,,,,,,,,,,,,,,,,,,,,,,,,,,,,,,,,,,23,57,8,1,55,19,10,75,0,0,0,0,20,0,0,8,6,2,80,9,74,85,20,6,2,8,0,10,4,1,,,3,,1,,1,,,,,,,,,,,,,,,,,,,,,,,,,,,,,,,,,,,,,
03/02/2019 07:00,,,,,,,,,,,,,,,,,,,,,,,,,,,,,,,,,,,,,,40,16,16,1,29,3,13,85,0,0,0,0,18,1,0,25,0,0,56,17,32,98,18,1,0,25,0,10,4,1,,,3,,2,,,,,,,,,,,,,,,,,,,,,,,,,,,,,,,,,,,,,,,,27,6,0,2,24,8,42,100,0,0,0,0,14,0,0,18,4,0,33,2,32,142,14,4,0,18,0,13,4,2,,,3,,2,,2
06/02/2019 07:00,32,0,0,1,30,8,3,79,0,0,0,0,7,1,0,50,1,0,32,1,38,82,7,2,0,50,0,13,4,,,,4,,3,,2,,,,,,,,,,,,,,,,,,,,,,,,,,,,,,,,,,,,,,22,2,2,4,10,1,18,110,0,0,1,1,7,0,0,25,3,0,24,6,11,130,7,3,0,25,0,16,4,2,,2,4,,,,4,,,,,,,,,,,,,,,,,,,,,,,,,,,,,,,,,,,,,
11/02/2019 07:00,,,,,,,,,,,,,,,,,,,,,,,,,,,,,,,,,,,,,,27,2,3,7,48,2,77,96,0,0,0,0,6,0,1,20,0,0,29,10,50,173,6,0,0,21,0,11,4,2,,,3,,1,1,,,,,,,,,,,,,,,,,,,,,,,,,,,,,,,,,,,,,,,22,1,15,4,12,0,44,186,0,0,1,0,13,1,0,13,2,0,23,19,12,231,13,3,0,13,0,12,4,2,,,3,,1,,2
14/02/2019 07:00,25,2,6,3,32,1,80,96,0,0,1,0,10,0,2,13,0,0,27,9,33,177,10,0,0,15,0,15,4,3,1,,3,,2,,2,,,,,,,,,,,,,,,,,,,,,,,,,,,,,,,,,,,,,,,,,,,,,,,,,,,,,,,,,,,,,,,,,,,,,,,,,,,,,,,,,,,,,,,,,,,,,,,,,,,,,,,,,,,,,,,
17/02/2019 07:00,,,,,,,,,,,,,,,,,,,,,,,,,,,,,,,,,,,,,,35,0,13,3,17,0,149,215,0,0,0,0,7,0,0,10,0,0,35,16,17,364,7,0,0,10,0,11,4,2,,,3,,2,,,34,1,2,5,26,0,68,127,0,0,0,0,10,0,0,22,2,0,35,7,26,195,10,2,0,22,0,13,4,2,1,,2,,2,,2,,,,,,,,,,,,,,,,,,,,,,,,,,,,,,,,,,,,,
21/02/2019 07:00,,,,,,,,,,,,,,,,,,,,,,,,,,,,,,,,,,,,,,,,,,,,,,,,,,,,,,,,,,,,,,,,,,,,,,,,,,,,,,,,,,,,,,,,,,,,,,,,,,,,,,,,,,,,,,,,20,4,4,8,16,0,4,78,0,0,0,0,9,1,0,0,2,0,24,12,16,82,9,3,0,0,0,16,3,2,,,3,,3,1,4
25/02/2019 07:00,28,2,9,11,3,1,6,118,0,0,0,1,6,0,0,20,0,0,30,20,4,125,6,0,0,20,0,15,4,1,,1,4,,2,,3,24,12,1,8,37,0,65,22,0,1,0,0,8,0,0,60,0,2,36,9,37,88,8,0,2,60,0,13,4,2,1,,3,,3,,,30,7,0,9,23,5,55,27,0,2,0,0,8,0,0,14,3,0,37,9,28,84,8,3,0,14,0,13,4,2,,,3,,3,,1,,,,,,,,,,,,,,,,,,,,,,,,,,,,,,,,,,,,,
28/02/2019 07:00,22,16,1,6,84,0,75,34,0,2,0,0,9,0,0,40,1,1,38,7,84,111,9,1,1,40,0,17,5,3,,,3,,3,1,2,,,,,,,,,,,,,,,,,,,,,,,,,,,,,,,,,,,,,,,,,,,,,,,,,,,,,,,,,,,,,,,,,,,,,,,,,,,27,25,2,6,30,5,49,39,0,0,0,0,10,0,0,24,1,0,52,8,35,88,10,1,0,24,0,13,4,2,,,3,,2,,2
03/03/2019 07:00,,,,,,,,,,,,,,,,,,,,,,,,,,,,,,,,,,,,,,17,19,1,0,44,1,23,58,0,0,0,0,6,1,0,32,0,0,36,1,45,81,6,1,0,32,0,13,5,2,1,,3,,2,,,,,,,,,,,,,,,,,,,,,,,,,,,,,,,,,,,,,,,,10,11,1,1,21,3,83,51,0,1,0,0,13,0,0,10,0,0,21,2,24,135,13,0,0,10,0,16,4,2,,,3,,3,2,2
07/03/2019 07:00,13,13,3,2,25,1,46,198,0,0,0,0,10,1,0,29,0,0,26,5,26,244,10,1,0,29,0,17,5,3,,,3,,2,1,3,,,,,,,,,,,,,,,,,,,,,,,,,,,,,,,,,,,,,,9,7,3,0,20,1,60,136,0,1,0,0,9,1,0,14,0,0,16,3,21,197,9,1,0,14,0,11,4,2,,,2,,2,,1,,,,,,,,,,,,,,,,,,,,,,,,,,,,,,,,,,,,,
11/03/2019 07:00,,,,,,,,,,,,,,,,,,,,,,,,,,,,,,,,,,,,,,25,20,31,0,7,1,44,120,0,2,0,0,13,3,0,26,0,0,45,31,8,166,13,3,0,26,0,11,4,2,,,3,,2,,,,,,,,,,,,,,,,,,,,,,,,,,,,,,,,,,,,,,,,,,,,,,,,,,,,,,,,,,,,,,,,,,,,,,,,,,,,
14/03/2019 07:00,,,,,,,,,,,,,,,,,,,,,,,,,,,,,,,,,,,,,,,,,,,,,,,,,,,,,,,,,,,,,,,,,,,,,,,,,,,,,,,,,,,,,,,,,,,,,,,,,,,,,,,,,,,,,,,,7,13,2,2,9,1,3,23,0,1,0,0,6,6,0,15,1,30,20,4,10,27,6,7,30,15,0,11,4,,,,4,,,,3
17/03/2019 07:00,5,12,3,10,63,2,0,16,0,4,0,0,12,4,0,70,0,10,17,13,65,20,12,4,10,70,0,11,4,,,,4,,,,3,,,,,,,,,,,,,,,,,,,,,,,,,,,,,,,,,,,,,,,,,,,,,,,,,,,,,,,,,,,,,,,,,,,,,,,,,,,,,,,,,,,,,,,,,,,,,,,,,,,,,,,,,,,,,,,
25/03/2019 07:00,,,,,,,,,,,,,,,,,,,,,,,,,,,,,,,,,,,,,,,,,,,,,,,,,,,,,,,,,,,,,,,,,,,,,,,,,,,14,9,3,1,21,0,70,18,0,0,0,0,12,0,0,13,1,7,23,4,21,88,12,1,7,13,0,10,3,2,,,2,,2,,1,,,,,,,,,,,,,,,,,,,,,,,,,,,,,,,,,,,,,
28/03/2019 07:00,,,,,,,,,,,,,,,,,,,,,,,,,,,,,,,,,,,,,,25,15,14,1,12,0,42,82,0,0,0,0,22,2,0,15,0,13,40,15,12,124,22,2,13,15,0,10,4,1,,,3,,2,,,,,,,,,,,,,,,,,,,,,,,,,,,,,,,,,,,,,,,,10,28,5,1,17,0,28,147,0,0,0,0,13,0,0,50,0,50,38,6,17,175,13,0,50,50,0,14,4,2,,,3,,2,1,2
31/03/2019 07:00,37,47,25,3,60,3,16,74,0,1,0,0,7,5,0,27,1,60,84,28,63,91,7,6,60,27,0,14,3,3,,,2,,2,2,2,,,,,,,,,,,,,,,,,,,,,,,,,,,,,,,,,,,,,,,,,,,,,,,,,,,,,,,,,,,,,,,,,,,,,,,,,,,,,,,,,,,,,,,,,,,,,,,,,,,,,,,,,,,,,,,
01/04/2019 07:00,,,,,,,,,,,,,,,,,,,,,,,,,,,,,,,,,,,,,,,,,,,,,,,,,,,,,,,,,,,,,,,,,,,,,,,,,,,22,18,1,0,65,0,21,77,0,3,0,0,14,0,1,38,0,50,40,1,65,101,14,0,50,39,0,12,3,2,,,3,,3,,1,,,,,,,,,,,,,,,,,,,,,,,,,,,,,,,,,,,,,
04/04/2019 07:00,,,,,,,,,,,,,,,,,,,,,,,,,,,,,,,,,,,,,,,,,,,,,,,,,,,,,,,,,,,,,,,,,,,,,,,,,,,,,,,,,,,,,,,,,,,,,,,,,,,,,,,,,,,,,,,,50,23,10,0,35,0,18,84,0,5,0,0,21,1,0,20,0,100,73,10,35,107,21,1,100,20,0,12,4,2,,,2,,2,,2
11/04/2019 07:00,,,,,,,,,,,,,,,,,,,,,,,,,,,,,,,,,,,,,,17,3,2,0,25,1,6,21,0,0,0,0,20,0,0,30,1,100,20,2,26,27,20,1,100,30,0,9,3,,,,4,,2,,,,,,,,,,,,,,,,,,,,,,,,,,,,,,,,,,,,,,,,,,,,,,,,,,,,,,,,,,,,,,,,,,,,,,,,,,,,
28/04/2019 07:00,,,,,,,,,,,,,,,,,,,,,,,,,,,,,,,,,,,,,,9,1,4,1,20,0,6,16,0,0,0,2,12,3,0,50,0,100,10,5,20,24,12,3,100,50,0,6,3,,,,3,,,,,,,,,,,,,,,,,,,,,,,,,,,,,,,,,,,,,,,,,,,,,,,,,,,,,,,,,,,,,,,,,,,,,,,,,,,,,,
30/04/2019 07:00,,,,,,,,,,,,,,,,,,,,,,,,,,,,,,,,,,,,,,,,,,,,,,,,,,,,,,,,,,,,,,,,,,,,,,,,,,,,,,,,,,,,,,,,,,,,,,,,,,,,,,,,,,,,,,,,8,4,3,0,10,1,7,33,0,0,1,0,18,1,0,20,1,50,12,3,11,41,18,2,50,20,0,9,3,,,,3,,,,3
01/05/2019 07:00,12,5,3,2,13,0,2,26,0,0,0,0,21,0,0,40,0,200,17,5,13,28,21,0,200,40,0,13,3,,,,4,,3,,3,,,,,,,,,,,,,,,,,,,,,,,,,,,,,,,,,,,,,,,,,,,,,,,,,,,,,,,,,,,,,,,,,,,,,,,,,,,,,,,,,,,,,,,,,,,,,,,,,,,,,,,,,,,,,,,
06/05/2019 07:00,,,,,,,,,,,,,,,,,,,,,,,,,,,,,,,,,,,,,,9,12,1,0,13,0,2,29,0,0,0,0,18,3,0,30,1,300,21,1,13,31,18,4,300,30,0,10,3,,,,3,,3,1,,6,15,2,0,8,0,2,24,0,0,0,0,30,6,0,50,1,500,21,2,8,26,30,7,500,50,0,12,2,,,,3,,3,,4,,,,,,,,,,,,,,,,,,,,,,,,,,,,,,,,,,,,,
14/05/2019 07:00,2,2,5,1,0,2,5,11,0,0,0,0,17,4,0,10,0,200,4,6,2,16,17,4,200,10,0,8,1,,,,3,,,1,3,,,,,,,,,,,,,,,,,,,,,,,,,,,,,,,,,,,,,,,,,,,,,,,,,,,,,,,,,,,,,,,,,,,,,,,,,,,5,3,11,0,8,2,2,15,0,0,0,0,11,3,0,10,0,500,8,11,10,17,11,3,500,10,0,8,1,,,,3,,,,4
26/05/2019 07:00,,,,,,,,,,,,,,,,,,,,,,,,,,,,,,,,,,,,,,17,17,3,0,21,0,16,45,0,0,0,0,21,4,7,15,0,100,34,3,21,61,21,4,100,22,0,11,2,3,,,,,2,4,,7,11,5,0,23,0,18,24,0,0,0,0,21,12,0,22,0,100,18,5,23,42,21,12,100,22,0,12,3,2,,,2,,1,1,3,,,,,,,,,,,,,,,,,,,,,,,,,,,,,,,,,,,,,
10/06/2019 07:00,19,18,0,0,16,0,9,27,0,1,0,0,27,0,1,50,0,100,37,0,16,37,27,0,100,51,0,12,3,2,0,0,2,0,2,1,2,,,,,,,,,,,,,,,,,,,,,,,,,,,,,,,,,,,,,,,,,,,,,,,,,,,,,,,,,,,,,,,,,,,,,,,,,,,25,34,1,0,43,5,48,37,0,0,0,0,21,2,2,100,0,100,59,1,48,85,21,2,100,102,0,,,,,,,,,,
17/06/2019 07:00,,,,,,,,,,,,,,,,,,,,,,,,,,,,,,,,,,,,,,21,18,17,1,18,1,28,15,0,1,0,4,21,0,5,100,1,100,39,18,19,48,21,1,100,105,0,9,3,2,0,0,0,0,3,1,,,,,,,,,,,,,,,,,,,,,,,,,,,,,,,,,,,,,,,,,,,,,,,,,,,,,,,,,,,,,,,,,,,,,,,,,,,
23/06/2019 07:00,7,2,0,0,14,2,4,65,0,0,0,9,4,0,17,100,0,300,9,0,16,78,4,0,300,117,0,9,2,1,0,0,1,0,3,0,2,,,,,,,,,,,,,,,,,,,,,,,,,,,,,,,,,,,,,,4,7,0,0,14,0,0,158,0,0,0,0,6,0,16,200,1,500,11,0,14,158,6,1,500,216,0,9,2,1,,,1,,3,,2,,,,,,,,,,,,,,,,,,,,,,,,,,,,,,,,,,,,,
27/06/2019 07:00,,,,,,,,,,,,,,,,,,,,,,,,,,,,,,,,,,,,,,5,10,3,2,5,0,2,71,0,3,0,0,12,0,11,25,0,500,15,5,5,76,12,0,500,36,0,7,0,0,0,0,4,0,3,0,,,,,,,,,,,,,,,,,,,,,,,,,,,,,,,,,,,,,,,,,,,,,,,,,,,,,,,,,,,,,,,,,,,,,,,,,,,
30/06/2019 07:00,6,9,13,3,34,0,14,47,0,0,0,0,13,0,25,100,1,100,15,16,34,61,13,1,100,125,0,13,1,1,0,0,3,0,4,2,2,,,,,,,,,,,,,,,,,,,,,,,,,,,,,,,,,,,,,,,,,,,,,,,,,,,,,,,,,,,,,,,,,,,,,,,,,,,13,17,2,1,44,0,10,54,0,1,0,0,13,0,10,100,3,100,30,3,44,65,13,3,100,110,0,12,2,1,,,2,,4,1,2
04/07/2019 07:00,,,,,,,,,,,,,,,,,,,,,,,,,,,,,,,,,,,,,,2,6,2,0,11,0,1,86,0,0,0,0,21,0,8,10,0,"1,000.00",8,2,11,87,21,0,1000,18,0,7,0,2,0,0,3,0,1,1,,,,,,,,,,,,,,,,,,,,,,,,,,,,,,,,,,,,,,,,,,,,,,,,,,,,,,,,,,,,,,,,,,,,,,,,,,,
07/07/2019 07:00,3,8,4,0,15,0,46,37,0,1,0,0,14,0,9,50,0,500,11,4,15,84,14,0,500,59,0,10,1,1,0,0,3,0,4,0,1,,,,,,,,,,,,,,,,,,,,,,,,,,,,,,,,,,,,,,4,8,17,0,31,3,62,32,0,0,1,0,27,1,3,50,3,500,12,17,34,95,27,4,500,53,0,11,1,1,,,2,,4,1,2,,,,,,,,,,,,,,,,,,,,,,,,,,,,,,,,,,,,,
17/07/2019 07:00,12,18,0,0,3,0,1,43,0,0,1,0,21,0,8,0,3,"1,000.00",30,0,3,45,21,3,1000,8,,7,,,,,3,,1,,3,,,,,,,,,,,,,,,,,,,,,,,,,,,,,,,,,,,,,,,,,,,,,,,,,,,,,,,,,,,,,,,,,,,,,,,,,,,,,,,,,,,,,,,,,,,,,,,,,,,,,,,,,,,,,,,
21/07/2019 07:00,,,,,,,,,,,,,,,,,,,,,,,,,,,,,,,,,,,,,,14,32,5,1,10,1,32,69,0,1,0,0,23,0,5,5,0,"1,000.00",46,6,11,102,23,0,1000,10,0,10,1,1,0,0,4,0,3,1,,,,,,,,,,,,,,,,,,,,,,,,,,,,,,,,,,,,,,,20,19,3,0,8,1,54,53,0,2,1,0,20,1,0,4,2,500,39,3,9,110,20,3,500,4,0,9,1,1,,,3,,3,,1
25/07/2019 07:00,10,15,1,0,3,0,10,22,0,2,0,0,8,1,1,100,0,"1,000.00",25,1,3,34,8,1,1000,101,0,11,0,1,0,0,4,0,3,1,2,,,,,,,,,,,,,,,,,,,,,,,,,,,,,,,,,,,,,,7,9,2,0,3,0,13,17,7,1,0,0,7,0,0,100,1,"1,000.00",16,2,3,38,7,1,1000,100,0,11,0,,3,,4,,3,,1,,,,,,,,,,,,,,,,,,,,,,,,,,,,,,,,,,,,,
28/07/2019 07:00,,,,,,,,,,,,,,,,,,,,,,,,,,,,,,,,,,,,,,10,21,0,0,15,0,36,14,0,0,0,0,19,0,1,6,0,"1,000.00",31,0,15,50,19,0,1000,7,0,11,0,1,2,0,4,0,3,1,,,,,,,,,,,,,,,,,,,,,,,,,,,,,,,,,,,,,,,6,12,1,0,3,0,80,24,0,0,0,0,9,2,0,10,0,"1,000.00",18,1,3,104,9,2,1000,10,0,11,0,1,1,,4,,4,,1
31/07/2019 07:00,6,14,0,0,2,0,126,11,0,0,0,0,12,0,0,7,2,"1,000.00",20,0,2,137,12,2,1000,7,0,11,0,1,0,0,4,0,3,1,2,,,,,,,,,,,,,,,,,,,,,,,,,,,,,,,,,,,,,,,,,,,,,,,,,,,,,,,,,,,,,,,,,,,,,,,,,,,,,,,,,,,,,,,,,,,,,,,,,,,,,,,,,,,,,,,
05/08/2019 07:00,,,,,,,,,,,,,,,,,,,,,,,,,,,,,,,,,,,,,,14,15,9,0,0,0,32,43,0,0,4,0,19,0,0,14,0,"1,000.00",29,9,0,79,19,0,1000,14,0,8,0,0,1,0,3,0,4,0,,19,27,26,0,0,0,38,37,0,0,3,0,15,0,1,8,0,250,46,26,0,78,15,0,250,9,0,13,0,1,2,,3,,4,2,1,,,,,,,,,,,,,,,,,,,,,,,,,,,,,,,,,,,,,
08/08/2019 07:00,20,16,20,0,1,0,43,51,0,0,5,0,6,0,0,15,0,500,36,20,1,99,6,0,500,15,0,12,0,1,1,0,4,0,3,2,1,,,,,,,,,,,,,,,,,,,,,,,,,,,,,,,,,,,,,,,,,,,,,,,,,,,,,,,,,,,,,,,,,,,,,,,,,,,23,28,95,1,0,0,12,43,0,0,0,0,4,0,1,8,0,200,51,96,0,55,4,0,200,9,0,13,0,1,,2,4,,3,2,1
12/08/2019 07:00,,,,,,,,,,,,,,,,,,,,,,,,,,,,,,,,,,,,,,25,14,159,4,1,0,25,32,0,0,0,0,16,0,2,11,0,50,39,163,1,57,16,0,50,13,0,10,0,1,2,0,4,0,3,0,,,,,,,,,,,,,,,,,,,,,,,,,,,,,,,,,,,,,,,,,,,,,,,,,,,,,,,,,,,,,,,,,,,,,,,,,,,
18/08/2019 07:00,,,,,,,,,,,,,,,,,,,,,,,,,,,,,,,,,,,,,,,,,,,,,,,,,,,,,,,,,,,,,,,,,,,,,,,,,,,13,14,5,0,0,1,29,29,0,0,0,0,12,0,0,100,0,0,27,5,1,58,12,0,0,100,0,10,0,,4,,2,,2,1,1,,,,,,,,,,,,,,,,,,,,,,,,,,,,,,,,,,,,,
02/09/2019 07:00,12,7,13,0,13,1,44,66,0,1,0,0,13,1,0,50,2,1,19,13,14,111,13,3,1,50,0,,,,,,,,,,,,,,,,,,,,,,,,,,,,,,,,,,,,,,,,,,,,,,,,14,16,7,1,8,0,4,32,0,3,0,0,16,0,0,14,0,2,30,8,8,39,16,0,2,14,0,,,,,,,,,,,,,,,,,,,,,,,,,,,,,,,,,,,,,,,,,,,,,,,
04/09/2019 07:00,,,,,,,,,,,,,,,,,,,,,,,,,,,,,,,,,,,,,,21,13,11,2,6,1,20,39,0,0,0,0,21,1,0,15,0,0,34,13,7,59,21,1,0,15,0,13,0,1,2,0,5,0,3,2,,,,,,,,,,,,,,,,,,,,,,,,,,,,,,,,,,,,,,,12,22,17,0,8,0,2,18,0,4,1,0,18,0,0,20,2,0,34,17,8,25,18,2,0,20,0,15,0,1,2,0,5,0,3,2,2
08/09/2019 07:00,20,33,5,0,4,1,0,17,0,0,0,0,12,0,0,30,0,0,53,5,5,17,12,0,0,30,0,14,0,0,4,0,3,2,2,0,3,,,,,,,,,,,,,,,,,,,,,,,,,,,,,,,,,,,,,,15,28,3,0,17,2,6,29,0,0,0,0,9,0,0,25,0,0,43,3,19,35,9,0,0,25,0,10,0,0,0,0,4,0,3,0,3,,,,,,,,,,,,,,,,,,,,,,,,,,,,,,,,,,,,,
09/09/2019 07:00,,,,,,,,,,,,,,,,,,,,,,,,,,,,,,,,,,,,,,14,52,2,1,17,0,4,33,0,0,1,0,13,1,2,10,0,3,66,3,17,38,13,1,3,12,0,5,0,0,0,0,3,0,2,0,,,,,,,,,,,,,,,,,,,,,,,,,,,,,,,,,,,,,,,13,28,4,0,13,0,7,22,0,0,1,0,6,0,0,0,1,0,41,4,13,30,6,1,0,0,0,13,0,0,4,0,4,0,2,0,3
15/09/2019 07:00,14,31,9,0,15,1,2,47,0,0,0,0,13,0,0,10,0,0,45,9,16,49,13,0,0,10,0,10,0,0,0,0,4,0,2,1,3,,,,,,,,,,,,,,,,,,,,,,,,,,,,,,,,,,,,,,5,20,11,3,12,0,16,26,0,0,0,0,13,0,1,5,1,0,25,14,12,42,13,1,0,6,0,15,0,0,4,3,3,0,2,0,3,,,,,,,,,,,,,,,,,,,,,,,,,,,,,,,,,,,,,
22/09/2019 07:00,,,,,,,,,,,,,,,,,,,,,,,,,,,,,,,,,,,,,,8,1,20,2,8,3,67,14,0,2,0,0,20,0,0,50,0,1,9,22,11,83,20,0,1,50,0,9,0,0,2,0,4,0,3,0,,,,,,,,,,,,,,,,,,,,,,,,,,,,,,,,,,,,,,,,,,,,,,,,,,,,,,,,,,,,,,,,,,,,,,,,,,,
06/10/2019 07:00,5,5,9,0,14,0,11,110,0,4,0,0,17,2,1,50,0,16,10,9,14,125,17,2,16,51,0,13,0,2,0,0,4,0,3,2,2,,,,,,,,,,,,,,,,,,,,,,,,,,,,,,,,,,,,,,3,7,10,0,7,1,15,119,0,2,0,0,11,0,2,50,1,100,10,10,8,136,11,1,100,52,0,10,0,1,0,0,4,0,2,1,2,3,3,8,0,5,0,5,117,0,0,0,0,10,0,2,50,2,29,6,8,5,122,10,2,29,52,0,10,0,2,0,0,4,0,3,0,1
07/10/2019 07:00,,,,,,,,,,,,,,,,,,,,,,,,,,,,,,,,,,,,,,4,6,6,1,13,0,6,155,0,1,0,0,4,1,5,20,0,11,10,7,13,162,4,1,11,25,0,15,0,2,5,0,5,0,3,0,,,,,,,,,,,,,,,,,,,,,,,,,,,,,,,,,,,,,,,,,,,,,,,,,,,,,,,,,,,,,,,,,,,,,,,,,,,
23/10/2019 07:00,,,,,,,,,,,,,,,,,,,,,,,,,,,,,,,,,,,,,,,,,,,,,,,,,,,,,,,,,,,,,,,,,,,,,,,,,,,,,,,,,,,,,,,,,,,,50,0,0,0,0,0,0,50,0,0,,,,,,,,,,,,,,,,,,,,,,,20,,,,,50,,,,,20,,50,,0,,,,,,,,,,
27/10/2019 07:00,0,0,0,4,3,0,9,26,0,0,0,1,6,1,1,0,0,600,0,4,3,36,6,1,600,1,,7,0,0,0,0,3,0,0,1,3,,,,,,,,,,,,,,,,,,,,,,,,,,,,,,,,,,,,,,2,1,0,1,6,0,4,107,0,0,0,0,26,0,0,,0,600,3,1,6,111,26,0,600,0,,5,0,0,0,0,3,0,0,0,2,,,,,,,,,,,,,,,,,,,,,,,,,,,,,,,,,,,,,
31/10/2019 07:00,,,,,,,,,,,,,,,,,,,,,,,,,,,,,,,,,,,,,,2,0,0,1,6,0,8,52,0,0,0,2,10,0,0,0,0,700,2,1,6,62,10,0,700,0,,6,0,0,0,0,4,0,2,0,,,,,,,,,,,,,,,,,,,,,,,,,,,,,,,,,,,,,,,,,,,,,,,,,,,,,,,,,,,,,,,,,,,,,,,,,,,
03/11/2019 07:00,,,,,,,,,,,,,,,,,,,,,,,,,,,,,,,,,,,,,,,,,,,,,,,,,,,,,,,,,,,,,,,,,,,,,,,,,,,,,,,,,,,,,,,,,,,,,,,,,,,,,,,,,,,,,,,,16,1,0,1,3,2,1,67,0,0,0,30,52,1,0,100,0,100,17,1,5,98,52,1,100,100,,10,0,1,2,0,3,0,2,0,2
07/11/2019 07:00,,,,,,,,,,,,,,,,,,,,,,,,,,,,,,,,,,,,,,,,,,,,,,,,,,,,,,,,,,,,,,,,,,,,,,,,,,,8,1,1,1,5,5,2,18,0,0,0,1,64,0,0,20,0,800,9,2,10,21,64,0,800,20,,6,0,0,0,0,3,0,0,0,3,,,,,,,,,,,,,,,,,,,,,,,,,,,,,,,,,,,,,
10/11/2019 07:00,6,0,2,2,15,0,4,20,0,0,0,0,25,0,0,17,0,500,6,4,15,24,25,0,500,17,,6,0,0,0,0,3,0,0,0,3,,,,,,,,,,,,,,,,,,,,,,,,,,,,,,,,,,,,,,,,,,,,,,,,,,,,,,,,,,,,,,,,,,,,,,,,,,,,,,,,,,,,,,,,,,,,,,,,,,,,,,,,,,,,,,,
13/11/2019 07:00,,,,,,,,,,,,,,,,,,,,,,,,,,,,,,,,,,,,,,3,3,7,3,18,1,7,13,1,0,0,1,34,0,0,10,0,800,6,10,19,22,34,0,800,10,,7,0,2,0,0,3,0,2,0,,,,,,,,,,,,,,,,,,,,,,,,,,,,,,,,,,,,,,,9,16,2,0,19,0,15,37,1,0,0,1,23,0,1,10,0,800,25,2,19,54,23,0,800,11,,8,0,2,0,0,3,0,0,0,3
18/11/2019 07:00,16,6,1,1,22,2,15,83,1,0,0,2,21,1,0,20,0,"1,000.00",22,2,24,101,21,1,1000,20,0,14,0,3,3,1,3,0,1,0,3,,,,,,,,,,,,,,,,,,,,,,,,,,,,,,,,,,,,,,18,20,1,0,10,2,6,149,0,0,0,0,17,0,0,20,0,"1,300.00",38,1,12,155,17,0,1300,20,,7,0,0,0,0,3,0,0,1,3,,,,,,,,,,,,,,,,,,,,,,,,,,,,,,,,,,,,,
21/11/2019 07:00,,,,,,,,,,,,,,,,,,,,,,,,,,,,,,,,,,,,,,16,8,1,0,11,3,25,82,1,0,0,1,30,1,1,70,0,"1,500.00",24,1,14,109,30,1,1500,71,,3,0,0,0,0,3,0,0,0,,,,,,,,,,,,,,,,,,,,,,,,,,,,,,,,,,,,,,,,,,,,,,,,,,,,,,,,,,,,,,,,,,,,,,,,,,,
24/11/2019 07:00,,,,,,,,,,,,,,,,,,,,,,,,,,,,,,,,,,,,,,,,,,,,,,,,,,,,,,,,,,,,,,,,,,,,,,,,,,,,,,,,,,,,,,,,,,,,,,,,,,,,,,,,,,,,,,,,27,16,15,1,0,0,52,77,0,1,0,0,13,2,2,9,0,57,43,16,0,130,13,2,57,11,,16,0,2,5,0,3,0,3,1,2
28/11/2019 07:00,24,24,1,2,9,3,31,29,0,1,0,0,16,3,0,19,0,230,48,3,12,61,16,3,230,19,0,17,1,2,4,1,4,0,2,2,1,,,,,,,,,,,,,,,,,,,,,,,,,,,,,,,,,,,,,,37,31,1,0,15,0,38,11,0,0,1,0,12,7,0,8,0,261,68,1,15,50,12,7,261,8,,20,1,2,5,0,5,0,3,1,3,,,,,,,,,,,,,,,,,,,,,,,,,,,,,,,,,,,,,
02/12/2019 07:00,,,,,,,,,,,,,,,,,,,,,,,,,,,,,,,,,,,,,,,,,,,,,,,,,,,,,,,,,,,,,,,,,,,,,,,,,,,,,,,,,,,,,,,,,,,,,,,,,,,,,,,,,,,,,,,,59,22,0,0,25,4,1,1,0,0,0,0,31,28,4,15,0,287,81,0,29,2,31,28,287,19,,19,1,1,5,0,5,0,3,1,3
05/12/2019 07:00,,,,,,,,,,,,,,,,,,,,,,,,,,,,,,,,,,,,,,15,14,2,0,15,2,1,1,0,0,0,0,20,24,0,20,0,"1,180.00",29,2,17,2,20,24,1180,20,,5,1,0,0,0,4,0,0,0,,38,8,0,0,5,2,0,0,0,0,0,0,21,10,0,30,0,"1,400.00",46,0,7,0,21,10,1400,30,,8,0,0,0,0,4,0,0,0,4,,,,,,,,,,,,,,,,,,,,,,,,,,,,,,,,,,,,,
08/12/2019 07:00,,,,,,,,,,,,,,,,,,,,,,,,,,,,,,,,,,,,,,,,,,,,,,,,,,,,,,,,,,,,,,,,,,,,,,,,,,,,,,,,,,,,,,,,,,,,,,,,,,,,,,,,,,,,,,,,51,5,8,0,14,7,1,0,0,0,0,0,6,15,0,30,0,350,56,8,21,1,6,15,350,30,,7,0,2,0,0,0,0,2,0,3
12/12/2019 07:00,22,4,2,1,9,0,2,0,0,0,0,0,9,7,0,20,0,"1,120.00",26,3,9,2,9,7,1120,20,0,7,0,0,0,0,4,0,0,0,3,,,,,,,,,,,,,,,,,,,,,,,,,,,,,,,,,,,,,,,,,,,,,,,,,,,,,,,,,,,,,,,,,,,,,,,,,,,,,,,,,,,,,,,,,,,,,,,,,,,,,,,,,,,,,,,
19/12/2019 07:00,,,,,,,,,,,,,,,,,,,,,,,,,,,,,,,,,,,,,,15,11,6,1,21,8,4,6,0,0,0,0,10,4,0,17,0,900,26,7,29,10,10,4,900,17,,4,0,,,,4,,,0,,6,7,3,1,28,0,8,65,0,0,0,0,11,1,1,20,0,400,13,4,28,73,11,1,400,21,,11,3,,,,4,,,1,3,,,,,,,,,,,,,,,,,,,,,,,,,,,,,,,,,,,,,
22/12/2019 07:00,25,37,10,1,18,0,14,180,2,1,0,0,8,0,0,20,0,780,62,11,18,197,8,0,780,20,,13,2,,,,4,,2,1,4,,,,,,,,,,,,,,,,,,,,,,,,,,,,,,,,,,,,,,,,,,,,,,,,,,,,,,,,,,,,,,,,,,,,,,,,,,,15,17,2,0,17,1,15,334,0,0,0,4,13,0,0,15,0,300,32,2,18,353,13,0,300,15,,12,3,,,,4,,2,,3
29/12/2019 07:00,,,,,,,,,,,,,,,,,,,,,,,,,,,,,,,,,,,,,,11,36,4,3,13,0,1,242,0,0,0,4,5,0,1,17,0,150,47,7,13,247,5,0,150,18,,5,2,,,,3,,,,,,,,,,,,,,,,,,,,,,,,,,,,,,,,,,,,,,,,,,,,,,,,,,,,,,,,,,,,,,,,,,,,,,,,,,,,,,
08/01/2020 07:00,,,,,,,,,,,,,,,,,,,,,,,,,,,,,,,,,,,,,,25,58,2,3,13,0,6,14,4,0,0,0,8,7,0,17,0,160,83,5,13,24,8,7,160,17,,7,4,,,,3,,,,,,,,,,,,,,,,,,,,,,,,,,,,,,,,,,,,,,,,,,6,22,2,5,6,0,1,16,0,0,0,0,6,14,1,10,0,80,28,7,6,17,6,14,80,11,,13,5,,,,4,,,,4
12/01/2020 07:00,,,,,,,,,,,,,,,,,,,,,,,,,,,,,,,,,,,,,,,,,,,,,,,,,,,,,,,,,,,,,,,,,,,,,,,,,,,3,30,14,3,11,2,37,9,0,0,0,0,7,13,0,46,0,5,33,17,13,46,7,13,5,46,0,19,5,2,4,1,2,0,1,1,3,,,,,,,,,,,,,,,,,,,,,,,,,,,,,,,,,,,,,
13/01/2020 07:00,12,16,3,2,20,0,24,4,0,0,0,0,8,18,0,168,0,21,28,5,20,28,8,18,21,168,0,17,5,2,4,1,2,0,0,0,3,,,,,,,,,,,,,,,,,,,,,,,,,,,,,,,,,,,,,,,,,,,,,,,,,,,,,,,,,,,,,,,,,,,,,,,,,,,10,18,9,0,8,0,35,14,0,0,0,0,4,4,0,66,0,4,28,9,8,49,4,4,4,66,0,17,5,1,4,1,2,0,1,0,3
26/01/2020 07:00,,,,,,,,,,,,,,,,,,,,,,,,,,,,,,,,,,,,,,,,,,,,,,,,,,,,,,,,,,,,,,,,,,,,,,,,,,,8,9,1,4,15,4,12,79,0,0,0,5,8,0,0,40,0,30,17,5,19,96,8,0,30,40,,11,5,,,,3,,,,3,,,,,,,,,,,,,,,,,,,,,,,,,,,,,,,,,,,,,
27/01/2020 07:00,,,,,,,,,,,,,,,,,,,,,,,,,,,,,,,,,,,,,,20,7,6,1,5,0,6,124,4,0,0,8,10,0,0,94,1,16,27,7,5,142,10,1,16,94,,7,3,,,,4,,,,,,,,,,,,,,,,,,,,,,,,,,,,,,,,,,,,,,,,,,,,,,,,,,,,,,,,,,,,,,,,,,,,,,,,,,,,,,
29/01/2020 07:00,16,4,3,4,8,2,400,100,0,0,1,0,5,1,0,75,0,8,20,7,10,501,5,1,8,75,0,17,5,1,2,0,4,0,0,2,3,,,,,,,,,,,,,,,,,,,,,,,,,,,,,,,,,,,,,,,,,,,,,,,,,,,,,,,,,,,,,,,,,,,,,,,,,,,,,,,,,,,,,,,,,,,,,,,,,,,,,,,,,,,,,,,
02/02/2020 07:00,,,,,,,,,,,,,,,,,,,,,,,,,,,,,,,,,,,,,,13,3,1,2,1,0,3,27,1,0,0,3,5,0,1,70,0,7,16,3,1,34,5,0,7,71,,14,5,,4,,3,,2,0,,16,3,2,3,9,0,2,52,0,0,0,3,6,1,1,112,0,5,19,5,9,57,6,1,5,113,,22,5,4,4,,4,,,1,4,,,,,,,,,,,,,,,,,,,,,,,,,,,,,,,,,,,,,
05/02/2020 07:00,20,2,3,5,6,2,6,55,0,0,0,0,10,1,0,20,0,3,22,8,8,61,10,1,3,20,,14,5,,,,4,,,2,3,,,,,,,,,,,,,,,,,,,,,,,,,,,,,,,,,,,,,,,,,,,,,,,,,,,,,,,,,,,,,,,,,,,,,,,,,,,,,,,,,,,,,,,,,,,,,,,,,,,,,,,,,,,,,,,
09/02/2020 07:00,,,,,,,,,,,,,,,,,,,,,,,,,,,,,,,,,,,,,,8,6,10,5,24,0,15,95,1,0,0,2,5,1,0,15,0,10,14,15,24,113,5,1,10,15,,15,5,,3,3,3,,,1,,,,,,,,,,,,,,,,,,,,,,,,,,,,,,,,,,,,,,,32,0,10,3,17,1,10,164,0,0,0,0,5,3,0,22,0,6,32,13,18,174,5,3,6,22,,23,5,,4,4,3,,2,1,4
16/02/2020 07:00,27,0,8,13,45,2,77,595,0,0,1,0,9,4,0,46,0,2,27,21,47,673,9,4,2,46,0,19,5,1,3,0,3,0,4,0,3,,,,,,,,,,,,,,,,,,,,,,,,,,,,,,,,,,,,,,,,,,,,,,,,,,,,,,,,,,,,,,,,,,,,,,,,,,,,,,,,,,,,,,,,,,,,,,,,,,,,,,,,,,,,,,,
17/02/2020 07:00,,,,,,,,,,,,,,,,,,,,,,,,,,,,,,,,,,,,,,6,0,5,3,25,2,3,550,0,0,0,0,3,3,0,350,0,150,6,8,27,553,3,3,150,350,,13,5,,3,,4,,1,0,,19,0,3,15,31,2,4,135,1,0,2,0,5,5,0,100,0,30,19,18,33,142,5,5,30,100,,18,5,,4,,4,,,0,5,,,,,,,,,,,,,,,,,,,,,,,,,,,,,,,,,,,,,
20/02/2020 07:00,,,,,,,,,,,,,,,,,,,,,,,,,,,,,,,,,,,,,,,,,,,,,,,,,,,,,,,,,,,,,,,,,,,,,,,,,,,,,,,,,,,,,,,,,,,,,,,,,,,,,,,,,,,,,,,,15,0,2,0,25,2,1,5,1,0,0,0,5,6,1,95,0,10,15,2,27,7,5,6,10,96,,14,4,,,2,3,,,1,4
23/02/2020 07:00,,,,,,,,,,,,,,,,,,,,,,,,,,,,,,,,,,,,,,,,,,,,,,,,,,,,,,,,,,,,,,,,,,,,,,,,,,,36,0,10,8,43,0,1,0,0,0,1,0,9,6,0,40,0,0,36,18,43,2,9,6,0,40,0,19,5,1,4,0,3,0,3,1,2,41,0,17,4,43,1,0,1,0,0,0,0,2,8,0,31,0,4,41,21,44,1,2,8,4,31,0,18,5,1,3,0,4,0,2,1,2
27/02/2020 07:00,6,1,3,1,20,13,1,0,0,0,0,0,11,11,0,15,0,270,7,4,33,1,11,11,270,15,,19,5,,3,4,3,,,0,4,,,,,,,,,,,,,,,,,,,,,,,,,,,,,,,,,,,,,,,,,,,,,,,,,,,,,,,,,,,,,,,,,,,,,,,,,,,,,,,,,,,,,,,,,,,,,,,,,,,,,,,,,,,,,,,
01/03/2020 07:00,,,,,,,,,,,,,,,,,,,,,,,,,,,,,,,,,,,,,,18,0,10,3,102,22,7,0,0,0,1,0,5,10,2,45,0,3,18,13,124,8,5,10,3,47,0,16,5,2,3,0,4,0,1,1,,31,3,10,2,89,10,11,9,0,2,0,0,4,1,2,35,0,2,34,12,99,22,4,1,2,37,0,17,5,0,3,0,5,0,2,0,2,,,,,,,,,,,,,,,,,,,,,,,,,,,,,,,,,,,,,
05/03/2020 07:00,20,3,13,72,10,0,1,10,0,6,1,0,10,1,2,25,0,50,23,85,10,18,10,1,50,27,,17,5,,,3,4,,,1,4,,,,,,,,,,,,,,,,,,,,,,,,,,,,,,,,,,,,,,,,,,,,,,,,,,,,,,,,,,,,,,,,,,,,,,,,,,,,,,,,,,,,,,,,,,,,,,,,,,,,,,,,,,,,,,,
09/03/2020 07:00,,,,,,,,,,,,,,,,,,,,,,,,,,,,,,,,,,,,,,25,3,5,0,154,0,16,172,6,2,0,0,14,0,10,45,0,2,28,5,154,196,14,0,2,55,0,14,5,0,3,0,5,0,1,0,,,,,,,,,,,,,,,,,,,,,,,,,,,,,,,,,,,,,,,,,,,,,,,,,,,,,,,,,,,,,,,,,,,,,,,,,,,
12/03/2020 07:00,29,8,4,0,36,1,20,227,0,0,0,0,4,1,11,28,0,3,37,4,37,247,4,1,3,39,0,16,4,1,2,0,4,0,3,0,2,,,,,,,,,,,,,,,,,,,,,,,,,,,,,,,,,,,,,,48,10,5,1,25,0,23,281,2,0,0,0,11,2,5,18,0,4,58,6,25,306,11,2,4,23,0,17,4,1,2,0,4,0,3,1,2,,,,,,,,,,,,,,,,,,,,,,,,,,,,,,,,,,,,,
15/03/2020 07:00,,,,,,,,,,,,,,,,,,,,,,,,,,,,,,,,,,,,,,,,,,,,,,,,,,,,,,,,,,,,,,,,,,,,,,,,,,,,,,,,,,,,,,,,,,,,,,,,,,,,,,,,,,,,,,,,31,10,7,2,20,0,"2,000.00","1,000.00",0,0,0,0,4,2,12,55,0,0,41,9,20,3000,4,2,0,67,0,17,4,1,2,0,4,0,4,0,2
18/03/2020 07:00,53,10,5,1,10,0,1,205,0,0,0,1,4,0,22,80,0,80,63,6,10,207,4,0,80,102,,11,4,,,,4,,,,3,,,,,,,,,,,,,,,,,,,,,,,,,,,,,,,,,,,,,,26,22,10,1,8,0,0,132,1,0,0,0,3,1,18,100,0,50,48,11,8,133,3,1,50,118,,13,4,,,,4,,,1,4,,,,,,,,,,,,,,,,,,,,,,,,,,,,,,,,,,,,,
22/03/2020 07:00,,,,,,,,,,,,,,,,,,,,,,,,,,,,,,,,,,,,,,25,26,32,1,10,0,3,162,1,0,0,3,3,2,11,50,0,120,51,33,10,169,3,2,120,61,,18,4,3,3,4,3,,1,0,,,,,,,,,,,,,,,,,,,,,,,,,,,,,,,,,,,,,,,20,26,6,0,5,0,7,125,0,0,0,1,6,1,3,100,0,10,46,6,5,133,6,1,10,103,,24,4,3,4,3,4,,2,0,4
23/03/2020 07:00,35,35,25,10,7,0,5,114,0,1,0,2,8,3,10,70,0,200,70,35,7,122,8,3,200,80,,11,4,,,,3,,,1,3,,,,,,,,,,,,,,,,,,,,,,,,,,,,,,,,,,,,,,26,22,2,5,5,0,5,95,0,0,0,1,3,0,5,50,0,20,48,7,5,101,3,0,20,55,,13,5,,,,4,,1,0,3,,,,,,,,,,,,,,,,,,,,,,,,,,,,,,,,,,,,,
29/03/2020 07:00,55,26,0,1,8,0,11,26,0,0,0,3,10,2,0,30,0,90,81,1,8,40,10,2,90,30,,9,3,,,,3,,,0,3,,,,,,,,,,,,,,,,,,,,,,,,,,,,,,,,,,,,,,10,21,4,2,16,0,40,70,0,0,0,0,7,2,0,15,1,0,31,6,16,110,7,3,0,15,1,17,3,1,3,0,4,0,2,1,3,,,,,,,,,,,,,,,,,,,,,,,,,,,,,,,,,,,,,
02/04/2020 07:00,,,,,,,,,,,,,,,,,,,,,,,,,,,,,,,,,,,,,,,,,,,,,,,,,,,,,,,,,,,,,,,,,,,,,,,,,,,,,,,,,,,,,,,,,,,,,,,,,,,,,,,,,,,,,,,,7,7,7,2,35,0,1,40,0,0,1,0,4,2,0,10,0,20,14,9,35,42,4,2,20,10,,10,3,,,,3,,,1,3
05/04/2020 07:00,,,,,,,,,,,,,,,,,,,,,,,,,,,,,,,,,,,,,,38,5,15,0,18,0,5,65,0,0,0,1,15,0,0,100,0,150,43,15,18,71,15,0,150,100,,9,3,,,,3,,1,2,,,,,,,,,,,,,,,,,,,,,,,,,,,,,,,,,,,,,,,,,,,,,,,,,,,,,,,,,,,,,,,,,,,,,,,,,,,
06/04/2020 07:00,18,7,25,4,28,0,18,37,0,1,0,0,14,1,1,30,0,3,25,29,28,56,14,1,3,31,0,13,3,0,2,0,4,0,2,0,2,,,,,,,,,,,,,,,,,,,,,,,,,,,,,,,,,,,,,,3,4,32,1,25,1,3,66,0,0,0,0,10,0,1,50,0,50,7,33,26,69,10,0,50,51,,11,3,,,,4,,,1,3,,,,,,,,,,,,,,,,,,,,,,,,,,,,,,,,,,,,,
20/04/2020 07:00,7,11,6,0,30,1,7,24,0,0,0,1,21,2,0,15,0,350,18,6,31,32,21,2,350,15,,11,3,,,,4,,,1,3,,,,,,,,,,,,,,,,,,,,,,,,,,,,,,,,,,,,,,5,10,11,0,20,3,4,7,0,1,1,0,7,6,1,30,0,50,15,11,23,13,7,6,50,31,,10,3,,,,3,,,1,3,,,,,,,,,,,,,,,,,,,,,,,,,,,,,,,,,,,,,
26/04/2020 07:00,,,,,,,,,,,,,,,,,,,,,,,,,,,,,,,,,,,,,,5,6,13,0,8,2,15,29,1,0,0,1,10,2,0,15,0,200,11,13,10,46,10,2,200,15,,7,3,,,,3,,1,,,,,,,,,,,,,,,,,,,,,,,,,,,,,,,,,,,,,,,,,,,,,,,,,,,,,,,,,,,,,,,,,,,,,,,,,,,,
27/04/2020 07:00,,,,,,,,,,,,,,,,,,,,,,,,,,,,,,,,,,,,,,,,,,,,,,,,,,,,,,,,,,,,,,,,,,,,,,,,,,,,,,,,,,,,,,,,,,,,,,,,,,,,,,,,,,,,,,,,9,16,13,0,37,7,95,42,0,0,0,0,14,8,0,28,0,0,25,13,44,137,14,8,0,28,0,14,3,2,1,0,3,0,2,0,3
30/04/2020 07:00,5,17,6,0,20,1,4,17,4,0,0,3,13,2,2,20,0,"1,090.00",22,6,21,28,13,2,1090,22,,15,3,1,,,4,,1,3,3,,,,,,,,,,,,,,,,,,,,,,,,,,,,,,,,,,,,,,,,,,,,,,,,,,,,,,,,,,,,,,,,,,,,,,,,,,,,,,,,,,,,,,,,,,,,,,,,,,,,,,,,,,,,,,,
03/05/2020 07:00,,,,,,,,,,,,,,,,,,,,,,,,,,,,,,,,,,,,,,3,16,1,2,26,2,8,6,0,1,1,0,15,10,0,115,0,"1,500.00",19,3,28,16,15,10,1500,115,,9,2,1,,,4,,,2,,2,6,3,1,13,0,3,1,1,13,0,2,21,8,0,70,0,"1,300.00",8,4,13,20,21,8,1300,70,,13,3,1,,,4,,,2,3,,,,,,,,,,,,,,,,,,,,,,,,,,,,,,,,,,,,,
06/05/2020 07:00,6,7,3,0,32,2,7,1,0,2,0,0,16,7,1,48,0,"1,337.00",13,3,34,10,16,7,1337,49,0,17,2,1,3,2,4,0,2,1,2,,,,,,,,,,,,,,,,,,,,,,,,,,,,,,,,,,,,,,,,,,,,,,,,,,,,,,,,,,,,,,,,,,,,,,,,,,,,,,,,,,,,,,,,,,,,,,,,,,,,,,,,,,,,,,,
07/05/2020 07:00,,,,,,,,,,,,,,,,,,,,,,,,,,,,,,,,,,,,,,,,,,,,,,,,,,,,,,,,,,,,,,,,,,,,,,,,,,,,,,,,,,,,,,,,,,,,,,,,,,,,,,,,,,,,,,,,14,2,7,0,61,0,14,0,0,0,0,0,22,9,1,210,0,266,16,7,61,14,22,9,266,211,0,14,3,1,2,0,4,0,1,1,2
10/05/2020 07:00,5,5,8,0,23,1,0,3,0,1,0,0,31,7,0,15,0,"1,000.00",10,8,24,4,31,7,1000,15,,12,2,1,,,4,,,2,3,,,,,,,,,,,,,,,,,,,,,,,,,,,,,,,,,,,,,,,,,,,,,,,,,,,,,,,,,,,,,,,,,,,,,,,,,,,,,,,,,,,,,,,,,,,,,,,,,,,,,,,,,,,,,,,
